id_venta,id_cliente,id_producto,id_fecha,cantidad,total_venta,genero,departamento_origen,estrato_socioeconomico,tipo_colegio,programa_academico,edad,puntaje_saber11,promedio_acumulado,materias_reprobadas,ingreso_familiar,desertor_predicho,probabilidad_desercion
1,109,203,20250301,2,4000,DESCONOCIDO,DESCONOCIDO,0,DESCONOCIDO,DESCONOCIDO,0,0,0,0,0,0,0.3783747742050113
2,125,205,20250110,3,45000,DESCONOCIDO,DESCONOCIDO,0,DESCONOCIDO,DESCONOCIDO,0,0,0,0,0,0,0.3783747742050113
3,104,203,20250114,4,8000,DESCONOCIDO,DESCONOCIDO,0,DESCONOCIDO,DESCONOCIDO,0,0,0,0,0,0,0.3783747742050113
4,140,204,20250309,2,6000,DESCONOCIDO,DESCONOCIDO,0,DESCONOCIDO,DESCONOCIDO,0,0,0,0,0,0,0.3783747742050113
5,124,206,20250321,5,160000,DESCONOCIDO,DESCONOCIDO,0,DESCONOCIDO,DESCONOCIDO,0,0,0,0,0,0,0.3783747742050113
6,116,205,20250324,5,75000,DESCONOCIDO,DESCONOCIDO,0,DESCONOCIDO,DESCONOCIDO,0,0,0,0,0,0,0.3783747742050113
7,149,207,20250326,1,16000,DESCONOCIDO,DESCONOCIDO,0,DESCONOCIDO,DESCONOCIDO,0,0,0,0,0,0,0.3783747742050113
8,111,205,20250321,5,75000,DESCONOCIDO,DESCONOCIDO,0,DESCONOCIDO,DESCONOCIDO,0,0,0,0,0,0,0.3783747742050113
9,131,207,20250114,1,16000,DESCONOCIDO,DESCONOCIDO,0,DESCONOCIDO,DESCONOCIDO,0,0,0,0,0,0,0.3783747742050113
10,135,202,20250317,3,12000,DESCONOCIDO,DESCONOCIDO,0,DESCONOCIDO,DESCONOCIDO,0,0,0,0,0,0,0.3783747742050113
11,103,204,20250219,5,15000,DESCONOCIDO,DESCONOCIDO,0,DESCONOCIDO,DESCONOCIDO,0,0,0,0,0,0,0.3783747742050113
12,135,201,20250330,5,50000,DESCONOCIDO,DESCONOCIDO,0,DESCONOCIDO,DESCONOCIDO,0,0,0,0,0,0,0.3783747742050113
13,115,203,20250323,1,2000,DESCONOCIDO,DESCONOCIDO,0,DESCONOCIDO,DESCONOCIDO,0,0,0,0,0,0,0.3783747742050113
14,135,206,20250326,3,96000,DESCONOCIDO,DESCONOCIDO,0,DESCONOCIDO,DESCONOCIDO,0,0,0,0,0,0,0.3783747742050113
15,150,203,20250209,4,8000,DESCONOCIDO,DESCONOCIDO,0,DESCONOCIDO,DESCONOCIDO,0,0,0,0,0,0,0.3783747742050113
16,149,206,20250208,1,32000,DESCONOCIDO,DESCONOCIDO,0,DESCONOCIDO,DESCONOCIDO,0,0,0,0,0,0,0.3783747742050113
17,125,202,20250207,3,12000,DESCONOCIDO,DESCONOCIDO,0,DESCONOCIDO,DESCONOCIDO,0,0,0,0,0,0,0.3783747742050113
18,116,202,20250330,5,20000,DESCONOCIDO,DESCONOCIDO,0,DESCONOCIDO,DESCONOCIDO,0,0,0,0,0,0,0.3783747742050113
19,137,203,20250120,4,8000,DESCONOCIDO,DESCONOCIDO,0,DESCONOCIDO,DESCONOCIDO,0,0,0,0,0,0,0.3783747742050113
20,144,206,20250128,5,160000,DESCONOCIDO,DESCONOCIDO,0,DESCONOCIDO,DESCONOCIDO,0,0,0,0,0,0,0.3783747742050113
21,117,205,20250122,2,30000,DESCONOCIDO,DESCONOCIDO,0,DESCONOCIDO,DESCONOCIDO,0,0,0,0,0,0,0.3783747742050113
22,110,201,20250101,1,10000,DESCONOCIDO,DESCONOCIDO,0,DESCONOCIDO,DESCONOCIDO,0,0,0,0,0,0,0.3783747742050113
23,130,204,20250315,1,3000,DESCONOCIDO,DESCONOCIDO,0,DESCONOCIDO,DESCONOCIDO,0,0,0,0,0,0,0.3783747742050113
24,123,207,20250102,4,64000,DESCONOCIDO,DESCONOCIDO,0,DESCONOCIDO,DESCONOCIDO,0,0,0,0,0,0,0.3783747742050113
25,103,204,20250206,3,9000,DESCONOCIDO,DESCONOCIDO,0,DESCONOCIDO,DESCONOCIDO,0,0,0,0,0,0,0.3783747742050113
26,128,207,20250221,4,64000,DESCONOCIDO,DESCONOCIDO,0,DESCONOCIDO,DESCONOCIDO,0,0,0,0,0,0,0.3783747742050113
27,145,205,20250203,1,15000,DESCONOCIDO,DESCONOCIDO,0,DESCONOCIDO,DESCONOCIDO,0,0,0,0,0,0,0.3783747742050113
28,105,203,20250328,1,2000,DESCONOCIDO,DESCONOCIDO,0,DESCONOCIDO,DESCONOCIDO,0,0,0,0,0,0,0.3783747742050113
29,132,206,20250127,3,96000,DESCONOCIDO,DESCONOCIDO,0,DESCONOCIDO,DESCONOCIDO,0,0,0,0,0,0,0.3783747742050113
30,102,201,20250328,4,40000,DESCONOCIDO,DESCONOCIDO,0,DESCONOCIDO,DESCONOCIDO,0,0,0,0,0,0,0.3783747742050113
31,114,207,20250107,3,48000,DESCONOCIDO,DESCONOCIDO,0,DESCONOCIDO,DESCONOCIDO,0,0,0,0,0,0,0.3783747742050113
32,120,206,20250104,3,96000,DESCONOCIDO,DESCONOCIDO,0,DESCONOCIDO,DESCONOCIDO,0,0,0,0,0,0,0.3783747742050113
33,137,201,20250129,4,40000,DESCONOCIDO,DESCONOCIDO,0,DESCONOCIDO,DESCONOCIDO,0,0,0,0,0,0,0.3783747742050113
34,105,201,20250205,5,50000,DESCONOCIDO,DESCONOCIDO,0,DESCONOCIDO,DESCONOCIDO,0,0,0,0,0,0,0.3783747742050113
35,128,206,20250201,5,160000,DESCONOCIDO,DESCONOCIDO,0,DESCONOCIDO,DESCONOCIDO,0,0,0,0,0,0,0.3783747742050113
36,104,202,20250120,4,16000,DESCONOCIDO,DESCONOCIDO,0,DESCONOCIDO,DESCONOCIDO,0,0,0,0,0,0,0.3783747742050113
37,108,204,20250222,5,15000,DESCONOCIDO,DESCONOCIDO,0,DESCONOCIDO,DESCONOCIDO,0,0,0,0,0,0,0.3783747742050113
38,150,203,20250211,4,8000,DESCONOCIDO,DESCONOCIDO,0,DESCONOCIDO,DESCONOCIDO,0,0,0,0,0,0,0.3783747742050113
39,148,207,20250320,3,48000,DESCONOCIDO,DESCONOCIDO,0,DESCONOCIDO,DESCONOCIDO,0,0,0,0,0,0,0.3783747742050113
40,102,204,20250220,2,6000,DESCONOCIDO,DESCONOCIDO,0,DESCONOCIDO,DESCONOCIDO,0,0,0,0,0,0,0.3783747742050113
41,115,202,20250216,4,16000,DESCONOCIDO,DESCONOCIDO,0,DESCONOCIDO,DESCONOCIDO,0,0,0,0,0,0,0.3783747742050113
42,108,201,20250313,2,20000,DESCONOCIDO,DESCONOCIDO,0,DESCONOCIDO,DESCONOCIDO,0,0,0,0,0,0,0.3783747742050113
43,117,207,20250219,4,64000,DESCONOCIDO,DESCONOCIDO,0,DESCONOCIDO,DESCONOCIDO,0,0,0,0,0,0,0.3783747742050113
44,103,206,20250220,3,96000,DESCONOCIDO,DESCONOCIDO,0,DESCONOCIDO,DESCONOCIDO,0,0,0,0,0,0,0.3783747742050113
45,142,203,20250319,5,10000,DESCONOCIDO,DESCONOCIDO,0,DESCONOCIDO,DESCONOCIDO,0,0,0,0,0,0,0.3783747742050113
46,131,201,20250228,4,40000,DESCONOCIDO,DESCONOCIDO,0,DESCONOCIDO,DESCONOCIDO,0,0,0,0,0,0,0.3783747742050113
47,120,201,20250318,3,30000,DESCONOCIDO,DESCONOCIDO,0,DESCONOCIDO,DESCONOCIDO,0,0,0,0,0,0,0.3783747742050113
48,135,202,20250103,5,20000,DESCONOCIDO,DESCONOCIDO,0,DESCONOCIDO,DESCONOCIDO,0,0,0,0,0,0,0.3783747742050113
49,128,202,20250303,1,4000,DESCONOCIDO,DESCONOCIDO,0,DESCONOCIDO,DESCONOCIDO,0,0,0,0,0,0,0.3783747742050113
50,147,206,20250302,2,64000,DESCONOCIDO,DESCONOCIDO,0,DESCONOCIDO,DESCONOCIDO,0,0,0,0,0,0,0.3783747742050113
51,150,203,20250119,3,6000,DESCONOCIDO,DESCONOCIDO,0,DESCONOCIDO,DESCONOCIDO,0,0,0,0,0,0,0.3783747742050113
52,131,204,20250205,5,15000,DESCONOCIDO,DESCONOCIDO,0,DESCONOCIDO,DESCONOCIDO,0,0,0,0,0,0,0.3783747742050113
53,149,207,20250103,1,16000,DESCONOCIDO,DESCONOCIDO,0,DESCONOCIDO,DESCONOCIDO,0,0,0,0,0,0,0.3783747742050113
54,148,204,20250225,4,12000,DESCONOCIDO,DESCONOCIDO,0,DESCONOCIDO,DESCONOCIDO,0,0,0,0,0,0,0.3783747742050113
55,140,202,20250305,1,4000,DESCONOCIDO,DESCONOCIDO,0,DESCONOCIDO,DESCONOCIDO,0,0,0,0,0,0,0.3783747742050113
56,146,206,20250312,4,128000,DESCONOCIDO,DESCONOCIDO,0,DESCONOCIDO,DESCONOCIDO,0,0,0,0,0,0,0.3783747742050113
57,139,205,20250126,5,75000,DESCONOCIDO,DESCONOCIDO,0,DESCONOCIDO,DESCONOCIDO,0,0,0,0,0,0,0.3783747742050113
58,145,206,20250226,4,128000,DESCONOCIDO,DESCONOCIDO,0,DESCONOCIDO,DESCONOCIDO,0,0,0,0,0,0,0.3783747742050113
59,119,204,20250228,5,15000,DESCONOCIDO,DESCONOCIDO,0,DESCONOCIDO,DESCONOCIDO,0,0,0,0,0,0,0.3783747742050113
60,101,203,20250324,1,2000,DESCONOCIDO,DESCONOCIDO,0,DESCONOCIDO,DESCONOCIDO,0,0,0,0,0,0,0.3783747742050113
61,135,202,20250318,3,12000,DESCONOCIDO,DESCONOCIDO,0,DESCONOCIDO,DESCONOCIDO,0,0,0,0,0,0,0.3783747742050113
62,111,205,20250302,4,60000,DESCONOCIDO,DESCONOCIDO,0,DESCONOCIDO,DESCONOCIDO,0,0,0,0,0,0,0.3783747742050113
63,118,205,20250118,4,60000,DESCONOCIDO,DESCONOCIDO,0,DESCONOCIDO,DESCONOCIDO,0,0,0,0,0,0,0.3783747742050113
64,109,202,20250203,5,20000,DESCONOCIDO,DESCONOCIDO,0,DESCONOCIDO,DESCONOCIDO,0,0,0,0,0,0,0.3783747742050113
65,114,206,20250308,4,128000,DESCONOCIDO,DESCONOCIDO,0,DESCONOCIDO,DESCONOCIDO,0,0,0,0,0,0,0.3783747742050113
66,143,207,20250119,4,64000,DESCONOCIDO,DESCONOCIDO,0,DESCONOCIDO,DESCONOCIDO,0,0,0,0,0,0,0.3783747742050113
67,131,205,20250308,4,60000,DESCONOCIDO,DESCONOCIDO,0,DESCONOCIDO,DESCONOCIDO,0,0,0,0,0,0,0.3783747742050113
68,118,204,20250206,2,6000,DESCONOCIDO,DESCONOCIDO,0,DESCONOCIDO,DESCONOCIDO,0,0,0,0,0,0,0.3783747742050113
69,105,207,20250108,3,48000,DESCONOCIDO,DESCONOCIDO,0,DESCONOCIDO,DESCONOCIDO,0,0,0,0,0,0,0.3783747742050113
70,141,205,20250304,5,75000,DESCONOCIDO,DESCONOCIDO,0,DESCONOCIDO,DESCONOCIDO,0,0,0,0,0,0,0.3783747742050113
71,128,204,20250102,4,12000,DESCONOCIDO,DESCONOCIDO,0,DESCONOCIDO,DESCONOCIDO,0,0,0,0,0,0,0.3783747742050113
72,128,206,20250327,5,160000,DESCONOCIDO,DESCONOCIDO,0,DESCONOCIDO,DESCONOCIDO,0,0,0,0,0,0,0.3783747742050113
73,120,206,20250319,1,32000,DESCONOCIDO,DESCONOCIDO,0,DESCONOCIDO,DESCONOCIDO,0,0,0,0,0,0,0.3783747742050113
74,115,203,20250227,2,4000,DESCONOCIDO,DESCONOCIDO,0,DESCONOCIDO,DESCONOCIDO,0,0,0,0,0,0,0.3783747742050113
75,101,205,20250131,4,60000,DESCONOCIDO,DESCONOCIDO,0,DESCONOCIDO,DESCONOCIDO,0,0,0,0,0,0,0.3783747742050113
76,114,204,20250117,4,12000,DESCONOCIDO,DESCONOCIDO,0,DESCONOCIDO,DESCONOCIDO,0,0,0,0,0,0,0.3783747742050113
77,113,203,20250323,3,6000,DESCONOCIDO,DESCONOCIDO,0,DESCONOCIDO,DESCONOCIDO,0,0,0,0,0,0,0.3783747742050113
78,143,206,20250121,4,128000,DESCONOCIDO,DESCONOCIDO,0,DESCONOCIDO,DESCONOCIDO,0,0,0,0,0,0,0.3783747742050113
79,104,201,20250205,2,20000,DESCONOCIDO,DESCONOCIDO,0,DESCONOCIDO,DESCONOCIDO,0,0,0,0,0,0,0.3783747742050113
80,107,203,20250324,1,2000,DESCONOCIDO,DESCONOCIDO,0,DESCONOCIDO,DESCONOCIDO,0,0,0,0,0,0,0.3783747742050113
81,104,201,20250124,5,50000,DESCONOCIDO,DESCONOCIDO,0,DESCONOCIDO,DESCONOCIDO,0,0,0,0,0,0,0.3783747742050113
82,121,207,20250212,1,16000,DESCONOCIDO,DESCONOCIDO,0,DESCONOCIDO,DESCONOCIDO,0,0,0,0,0,0,0.3783747742050113
83,116,201,20250108,4,40000,DESCONOCIDO,DESCONOCIDO,0,DESCONOCIDO,DESCONOCIDO,0,0,0,0,0,0,0.3783747742050113
84,111,202,20250319,4,16000,DESCONOCIDO,DESCONOCIDO,0,DESCONOCIDO,DESCONOCIDO,0,0,0,0,0,0,0.3783747742050113
85,124,206,20250217,3,96000,DESCONOCIDO,DESCONOCIDO,0,DESCONOCIDO,DESCONOCIDO,0,0,0,0,0,0,0.3783747742050113
86,148,206,20250119,5,160000,DESCONOCIDO,DESCONOCIDO,0,DESCONOCIDO,DESCONOCIDO,0,0,0,0,0,0,0.3783747742050113
87,104,207,20250213,1,16000,DESCONOCIDO,DESCONOCIDO,0,DESCONOCIDO,DESCONOCIDO,0,0,0,0,0,0,0.3783747742050113
88,142,207,20250329,2,32000,DESCONOCIDO,DESCONOCIDO,0,DESCONOCIDO,DESCONOCIDO,0,0,0,0,0,0,0.3783747742050113
89,149,205,20250330,4,60000,DESCONOCIDO,DESCONOCIDO,0,DESCONOCIDO,DESCONOCIDO,0,0,0,0,0,0,0.3783747742050113
90,144,207,20250327,1,16000,DESCONOCIDO,DESCONOCIDO,0,DESCONOCIDO,DESCONOCIDO,0,0,0,0,0,0,0.3783747742050113
91,137,206,20250102,1,32000,DESCONOCIDO,DESCONOCIDO,0,DESCONOCIDO,DESCONOCIDO,0,0,0,0,0,0,0.3783747742050113
92,106,201,20250211,1,10000,DESCONOCIDO,DESCONOCIDO,0,DESCONOCIDO,DESCONOCIDO,0,0,0,0,0,0,0.3783747742050113
93,108,201,20250123,5,50000,DESCONOCIDO,DESCONOCIDO,0,DESCONOCIDO,DESCONOCIDO,0,0,0,0,0,0,0.3783747742050113
94,139,204,20250319,1,3000,DESCONOCIDO,DESCONOCIDO,0,DESCONOCIDO,DESCONOCIDO,0,0,0,0,0,0,0.3783747742050113
95,123,201,20250218,1,10000,DESCONOCIDO,DESCONOCIDO,0,DESCONOCIDO,DESCONOCIDO,0,0,0,0,0,0,0.3783747742050113
96,131,206,20250331,4,128000,DESCONOCIDO,DESCONOCIDO,0,DESCONOCIDO,DESCONOCIDO,0,0,0,0,0,0,0.3783747742050113
97,135,202,20250301,2,8000,DESCONOCIDO,DESCONOCIDO,0,DESCONOCIDO,DESCONOCIDO,0,0,0,0,0,0,0.3783747742050113
98,143,205,20250110,3,45000,DESCONOCIDO,DESCONOCIDO,0,DESCONOCIDO,DESCONOCIDO,0,0,0,0,0,0,0.3783747742050113
99,121,204,20250311,3,9000,DESCONOCIDO,DESCONOCIDO,0,DESCONOCIDO,DESCONOCIDO,0,0,0,0,0,0,0.3783747742050113
100,132,205,20250220,4,60000,DESCONOCIDO,DESCONOCIDO,0,DESCONOCIDO,DESCONOCIDO,0,0,0,0,0,0,0.3783747742050113
101,146,203,20250304,1,2000,DESCONOCIDO,DESCONOCIDO,0,DESCONOCIDO,DESCONOCIDO,0,0,0,0,0,0,0.3783747742050113
102,113,206,20250212,5,160000,DESCONOCIDO,DESCONOCIDO,0,DESCONOCIDO,DESCONOCIDO,0,0,0,0,0,0,0.3783747742050113
103,134,201,20250313,4,40000,DESCONOCIDO,DESCONOCIDO,0,DESCONOCIDO,DESCONOCIDO,0,0,0,0,0,0,0.3783747742050113
104,139,202,20250219,5,20000,DESCONOCIDO,DESCONOCIDO,0,DESCONOCIDO,DESCONOCIDO,0,0,0,0,0,0,0.3783747742050113
105,143,205,20250115,2,30000,DESCONOCIDO,DESCONOCIDO,0,DESCONOCIDO,DESCONOCIDO,0,0,0,0,0,0,0.3783747742050113
106,123,207,20250102,5,80000,DESCONOCIDO,DESCONOCIDO,0,DESCONOCIDO,DESCONOCIDO,0,0,0,0,0,0,0.3783747742050113
107,101,201,20250108,5,50000,DESCONOCIDO,DESCONOCIDO,0,DESCONOCIDO,DESCONOCIDO,0,0,0,0,0,0,0.3783747742050113
108,135,204,20250305,5,15000,DESCONOCIDO,DESCONOCIDO,0,DESCONOCIDO,DESCONOCIDO,0,0,0,0,0,0,0.3783747742050113
109,120,203,20250217,4,8000,DESCONOCIDO,DESCONOCIDO,0,DESCONOCIDO,DESCONOCIDO,0,0,0,0,0,0,0.3783747742050113
110,105,202,20250227,5,20000,DESCONOCIDO,DESCONOCIDO,0,DESCONOCIDO,DESCONOCIDO,0,0,0,0,0,0,0.3783747742050113
111,105,202,20250127,3,12000,DESCONOCIDO,DESCONOCIDO,0,DESCONOCIDO,DESCONOCIDO,0,0,0,0,0,0,0.3783747742050113
112,136,203,20250324,2,4000,DESCONOCIDO,DESCONOCIDO,0,DESCONOCIDO,DESCONOCIDO,0,0,0,0,0,0,0.3783747742050113
113,124,205,20250117,2,30000,DESCONOCIDO,DESCONOCIDO,0,DESCONOCIDO,DESCONOCIDO,0,0,0,0,0,0,0.3783747742050113
114,110,207,20250221,4,64000,DESCONOCIDO,DESCONOCIDO,0,DESCONOCIDO,DESCONOCIDO,0,0,0,0,0,0,0.3783747742050113
115,149,205,20250329,4,60000,DESCONOCIDO,DESCONOCIDO,0,DESCONOCIDO,DESCONOCIDO,0,0,0,0,0,0,0.3783747742050113
116,149,204,20250111,4,12000,DESCONOCIDO,DESCONOCIDO,0,DESCONOCIDO,DESCONOCIDO,0,0,0,0,0,0,0.3783747742050113
117,122,204,20250310,4,12000,DESCONOCIDO,DESCONOCIDO,0,DESCONOCIDO,DESCONOCIDO,0,0,0,0,0,0,0.3783747742050113
118,126,203,20250209,3,6000,DESCONOCIDO,DESCONOCIDO,0,DESCONOCIDO,DESCONOCIDO,0,0,0,0,0,0,0.3783747742050113
119,107,204,20250101,3,9000,DESCONOCIDO,DESCONOCIDO,0,DESCONOCIDO,DESCONOCIDO,0,0,0,0,0,0,0.3783747742050113
120,138,205,20250102,5,75000,DESCONOCIDO,DESCONOCIDO,0,DESCONOCIDO,DESCONOCIDO,0,0,0,0,0,0,0.3783747742050113
121,139,203,20250325,1,2000,DESCONOCIDO,DESCONOCIDO,0,DESCONOCIDO,DESCONOCIDO,0,0,0,0,0,0,0.3783747742050113
122,140,205,20250105,2,30000,DESCONOCIDO,DESCONOCIDO,0,DESCONOCIDO,DESCONOCIDO,0,0,0,0,0,0,0.3783747742050113
123,144,205,20250228,2,30000,DESCONOCIDO,DESCONOCIDO,0,DESCONOCIDO,DESCONOCIDO,0,0,0,0,0,0,0.3783747742050113
124,131,205,20250211,2,30000,DESCONOCIDO,DESCONOCIDO,0,DESCONOCIDO,DESCONOCIDO,0,0,0,0,0,0,0.3783747742050113
125,131,206,20250107,4,128000,DESCONOCIDO,DESCONOCIDO,0,DESCONOCIDO,DESCONOCIDO,0,0,0,0,0,0,0.3783747742050113
126,103,202,20250207,5,20000,DESCONOCIDO,DESCONOCIDO,0,DESCONOCIDO,DESCONOCIDO,0,0,0,0,0,0,0.3783747742050113
127,125,202,20250326,2,8000,DESCONOCIDO,DESCONOCIDO,0,DESCONOCIDO,DESCONOCIDO,0,0,0,0,0,0,0.3783747742050113
128,118,201,20250322,2,20000,DESCONOCIDO,DESCONOCIDO,0,DESCONOCIDO,DESCONOCIDO,0,0,0,0,0,0,0.3783747742050113
129,146,203,20250318,4,8000,DESCONOCIDO,DESCONOCIDO,0,DESCONOCIDO,DESCONOCIDO,0,0,0,0,0,0,0.3783747742050113
130,138,204,20250207,4,12000,DESCONOCIDO,DESCONOCIDO,0,DESCONOCIDO,DESCONOCIDO,0,0,0,0,0,0,0.3783747742050113
131,126,201,20250211,2,20000,DESCONOCIDO,DESCONOCIDO,0,DESCONOCIDO,DESCONOCIDO,0,0,0,0,0,0,0.3783747742050113
132,146,201,20250207,3,30000,DESCONOCIDO,DESCONOCIDO,0,DESCONOCIDO,DESCONOCIDO,0,0,0,0,0,0,0.3783747742050113
133,136,201,20250309,5,50000,DESCONOCIDO,DESCONOCIDO,0,DESCONOCIDO,DESCONOCIDO,0,0,0,0,0,0,0.3783747742050113
134,117,206,20250217,3,96000,DESCONOCIDO,DESCONOCIDO,0,DESCONOCIDO,DESCONOCIDO,0,0,0,0,0,0,0.3783747742050113
135,113,206,20250202,3,96000,DESCONOCIDO,DESCONOCIDO,0,DESCONOCIDO,DESCONOCIDO,0,0,0,0,0,0,0.3783747742050113
136,123,202,20250202,5,20000,DESCONOCIDO,DESCONOCIDO,0,DESCONOCIDO,DESCONOCIDO,0,0,0,0,0,0,0.3783747742050113
137,119,201,20250123,4,40000,DESCONOCIDO,DESCONOCIDO,0,DESCONOCIDO,DESCONOCIDO,0,0,0,0,0,0,0.3783747742050113
138,146,203,20250129,5,10000,DESCONOCIDO,DESCONOCIDO,0,DESCONOCIDO,DESCONOCIDO,0,0,0,0,0,0,0.3783747742050113
139,145,207,20250226,4,64000,DESCONOCIDO,DESCONOCIDO,0,DESCONOCIDO,DESCONOCIDO,0,0,0,0,0,0,0.3783747742050113
140,104,201,20250328,1,10000,DESCONOCIDO,DESCONOCIDO,0,DESCONOCIDO,DESCONOCIDO,0,0,0,0,0,0,0.3783747742050113
141,129,205,20250208,1,15000,DESCONOCIDO,DESCONOCIDO,0,DESCONOCIDO,DESCONOCIDO,0,0,0,0,0,0,0.3783747742050113
142,132,206,20250102,4,128000,DESCONOCIDO,DESCONOCIDO,0,DESCONOCIDO,DESCONOCIDO,0,0,0,0,0,0,0.3783747742050113
143,121,205,20250219,5,75000,DESCONOCIDO,DESCONOCIDO,0,DESCONOCIDO,DESCONOCIDO,0,0,0,0,0,0,0.3783747742050113
144,111,202,20250313,3,12000,DESCONOCIDO,DESCONOCIDO,0,DESCONOCIDO,DESCONOCIDO,0,0,0,0,0,0,0.3783747742050113
145,109,206,20250214,4,128000,DESCONOCIDO,DESCONOCIDO,0,DESCONOCIDO,DESCONOCIDO,0,0,0,0,0,0,0.3783747742050113
146,126,206,20250226,3,96000,DESCONOCIDO,DESCONOCIDO,0,DESCONOCIDO,DESCONOCIDO,0,0,0,0,0,0,0.3783747742050113
147,109,204,20250115,5,15000,DESCONOCIDO,DESCONOCIDO,0,DESCONOCIDO,DESCONOCIDO,0,0,0,0,0,0,0.3783747742050113
148,131,205,20250106,1,15000,DESCONOCIDO,DESCONOCIDO,0,DESCONOCIDO,DESCONOCIDO,0,0,0,0,0,0,0.3783747742050113
149,113,204,20250226,1,3000,DESCONOCIDO,DESCONOCIDO,0,DESCONOCIDO,DESCONOCIDO,0,0,0,0,0,0,0.3783747742050113
150,119,207,20250128,1,16000,DESCONOCIDO,DESCONOCIDO,0,DESCONOCIDO,DESCONOCIDO,0,0,0,0,0,0,0.3783747742050113
151,130,206,20250115,2,64000,DESCONOCIDO,DESCONOCIDO,0,DESCONOCIDO,DESCONOCIDO,0,0,0,0,0,0,0.3783747742050113
152,129,203,20250212,4,8000,DESCONOCIDO,DESCONOCIDO,0,DESCONOCIDO,DESCONOCIDO,0,0,0,0,0,0,0.3783747742050113
153,145,204,20250329,2,6000,DESCONOCIDO,DESCONOCIDO,0,DESCONOCIDO,DESCONOCIDO,0,0,0,0,0,0,0.3783747742050113
154,101,204,20250130,4,12000,DESCONOCIDO,DESCONOCIDO,0,DESCONOCIDO,DESCONOCIDO,0,0,0,0,0,0,0.3783747742050113
155,110,201,20250323,2,20000,DESCONOCIDO,DESCONOCIDO,0,DESCONOCIDO,DESCONOCIDO,0,0,0,0,0,0,0.3783747742050113
156,141,201,20250220,5,50000,DESCONOCIDO,DESCONOCIDO,0,DESCONOCIDO,DESCONOCIDO,0,0,0,0,0,0,0.3783747742050113
157,129,207,20250311,5,80000,DESCONOCIDO,DESCONOCIDO,0,DESCONOCIDO,DESCONOCIDO,0,0,0,0,0,0,0.3783747742050113
158,103,203,20250108,2,4000,DESCONOCIDO,DESCONOCIDO,0,DESCONOCIDO,DESCONOCIDO,0,0,0,0,0,0,0.3783747742050113
159,117,202,20250105,2,8000,DESCONOCIDO,DESCONOCIDO,0,DESCONOCIDO,DESCONOCIDO,0,0,0,0,0,0,0.3783747742050113
160,106,202,20250329,1,4000,DESCONOCIDO,DESCONOCIDO,0,DESCONOCIDO,DESCONOCIDO,0,0,0,0,0,0,0.3783747742050113
161,127,205,20250308,2,30000,DESCONOCIDO,DESCONOCIDO,0,DESCONOCIDO,DESCONOCIDO,0,0,0,0,0,0,0.3783747742050113
162,135,203,20250120,2,4000,DESCONOCIDO,DESCONOCIDO,0,DESCONOCIDO,DESCONOCIDO,0,0,0,0,0,0,0.3783747742050113
163,104,201,20250328,4,40000,DESCONOCIDO,DESCONOCIDO,0,DESCONOCIDO,DESCONOCIDO,0,0,0,0,0,0,0.3783747742050113
164,131,204,20250324,2,6000,DESCONOCIDO,DESCONOCIDO,0,DESCONOCIDO,DESCONOCIDO,0,0,0,0,0,0,0.3783747742050113
165,115,201,20250222,2,20000,DESCONOCIDO,DESCONOCIDO,0,DESCONOCIDO,DESCONOCIDO,0,0,0,0,0,0,0.3783747742050113
166,114,204,20250325,4,12000,DESCONOCIDO,DESCONOCIDO,0,DESCONOCIDO,DESCONOCIDO,0,0,0,0,0,0,0.3783747742050113
167,121,202,20250318,4,16000,DESCONOCIDO,DESCONOCIDO,0,DESCONOCIDO,DESCONOCIDO,0,0,0,0,0,0,0.3783747742050113
168,102,204,20250112,5,15000,DESCONOCIDO,DESCONOCIDO,0,DESCONOCIDO,DESCONOCIDO,0,0,0,0,0,0,0.3783747742050113
169,115,207,20250207,4,64000,DESCONOCIDO,DESCONOCIDO,0,DESCONOCIDO,DESCONOCIDO,0,0,0,0,0,0,0.3783747742050113
170,134,207,20250321,1,16000,DESCONOCIDO,DESCONOCIDO,0,DESCONOCIDO,DESCONOCIDO,0,0,0,0,0,0,0.3783747742050113
171,121,203,20250110,4,8000,DESCONOCIDO,DESCONOCIDO,0,DESCONOCIDO,DESCONOCIDO,0,0,0,0,0,0,0.3783747742050113
172,141,204,20250112,4,12000,DESCONOCIDO,DESCONOCIDO,0,DESCONOCIDO,DESCONOCIDO,0,0,0,0,0,0,0.3783747742050113
173,125,203,20250131,4,8000,DESCONOCIDO,DESCONOCIDO,0,DESCONOCIDO,DESCONOCIDO,0,0,0,0,0,0,0.3783747742050113
174,130,207,20250311,1,16000,DESCONOCIDO,DESCONOCIDO,0,DESCONOCIDO,DESCONOCIDO,0,0,0,0,0,0,0.3783747742050113
175,129,206,20250307,5,160000,DESCONOCIDO,DESCONOCIDO,0,DESCONOCIDO,DESCONOCIDO,0,0,0,0,0,0,0.3783747742050113
176,119,205,20250221,1,15000,DESCONOCIDO,DESCONOCIDO,0,DESCONOCIDO,DESCONOCIDO,0,0,0,0,0,0,0.3783747742050113
177,119,206,20250127,5,160000,DESCONOCIDO,DESCONOCIDO,0,DESCONOCIDO,DESCONOCIDO,0,0,0,0,0,0,0.3783747742050113
178,108,204,20250225,5,15000,DESCONOCIDO,DESCONOCIDO,0,DESCONOCIDO,DESCONOCIDO,0,0,0,0,0,0,0.3783747742050113
179,131,201,20250207,3,30000,DESCONOCIDO,DESCONOCIDO,0,DESCONOCIDO,DESCONOCIDO,0,0,0,0,0,0,0.3783747742050113
180,103,206,20250331,3,96000,DESCONOCIDO,DESCONOCIDO,0,DESCONOCIDO,DESCONOCIDO,0,0,0,0,0,0,0.3783747742050113
181,150,201,20250206,5,50000,DESCONOCIDO,DESCONOCIDO,0,DESCONOCIDO,DESCONOCIDO,0,0,0,0,0,0,0.3783747742050113
182,103,203,20250209,4,8000,DESCONOCIDO,DESCONOCIDO,0,DESCONOCIDO,DESCONOCIDO,0,0,0,0,0,0,0.3783747742050113
183,124,207,20250324,4,64000,DESCONOCIDO,DESCONOCIDO,0,DESCONOCIDO,DESCONOCIDO,0,0,0,0,0,0,0.3783747742050113
184,118,205,20250104,3,45000,DESCONOCIDO,DESCONOCIDO,0,DESCONOCIDO,DESCONOCIDO,0,0,0,0,0,0,0.3783747742050113
185,146,201,20250203,5,50000,DESCONOCIDO,DESCONOCIDO,0,DESCONOCIDO,DESCONOCIDO,0,0,0,0,0,0,0.3783747742050113
186,127,206,20250207,5,160000,DESCONOCIDO,DESCONOCIDO,0,DESCONOCIDO,DESCONOCIDO,0,0,0,0,0,0,0.3783747742050113
187,130,201,20250211,1,10000,DESCONOCIDO,DESCONOCIDO,0,DESCONOCIDO,DESCONOCIDO,0,0,0,0,0,0,0.3783747742050113
188,133,202,20250223,3,12000,DESCONOCIDO,DESCONOCIDO,0,DESCONOCIDO,DESCONOCIDO,0,0,0,0,0,0,0.3783747742050113
189,111,203,20250107,4,8000,DESCONOCIDO,DESCONOCIDO,0,DESCONOCIDO,DESCONOCIDO,0,0,0,0,0,0,0.3783747742050113
190,131,202,20250115,5,20000,DESCONOCIDO,DESCONOCIDO,0,DESCONOCIDO,DESCONOCIDO,0,0,0,0,0,0,0.3783747742050113
191,104,207,20250119,3,48000,DESCONOCIDO,DESCONOCIDO,0,DESCONOCIDO,DESCONOCIDO,0,0,0,0,0,0,0.3783747742050113
192,129,201,20250119,3,30000,DESCONOCIDO,DESCONOCIDO,0,DESCONOCIDO,DESCONOCIDO,0,0,0,0,0,0,0.3783747742050113
193,138,204,20250120,5,15000,DESCONOCIDO,DESCONOCIDO,0,DESCONOCIDO,DESCONOCIDO,0,0,0,0,0,0,0.3783747742050113
194,119,204,20250326,2,6000,DESCONOCIDO,DESCONOCIDO,0,DESCONOCIDO,DESCONOCIDO,0,0,0,0,0,0,0.3783747742050113
195,139,205,20250315,1,15000,DESCONOCIDO,DESCONOCIDO,0,DESCONOCIDO,DESCONOCIDO,0,0,0,0,0,0,0.3783747742050113
196,118,202,20250116,2,8000,DESCONOCIDO,DESCONOCIDO,0,DESCONOCIDO,DESCONOCIDO,0,0,0,0,0,0,0.3783747742050113
197,111,206,20250319,5,160000,DESCONOCIDO,DESCONOCIDO,0,DESCONOCIDO,DESCONOCIDO,0,0,0,0,0,0,0.3783747742050113
198,114,203,20250126,1,2000,DESCONOCIDO,DESCONOCIDO,0,DESCONOCIDO,DESCONOCIDO,0,0,0,0,0,0,0.3783747742050113
199,118,201,20250217,1,10000,DESCONOCIDO,DESCONOCIDO,0,DESCONOCIDO,DESCONOCIDO,0,0,0,0,0,0,0.3783747742050113
200,126,206,20250207,2,64000,DESCONOCIDO,DESCONOCIDO,0,DESCONOCIDO,DESCONOCIDO,0,0,0,0,0,0,0.3783747742050113
