estudiante_id,departamento_origen,estrato_socioeconomico,tipo_colegio,ingreso_familiar
1,CUNDINAMARCA,5,OFICIAL,1488539.1949745861
2,BOGOTA D.C.,3,OFICIAL,3720361.91327021
3,ANTIOQUIA,3,OFICIAL,1731179.3805155938
4,ATLANTICO,2,OFICIAL,2218964.6002229396
5,ANTIOQUIA,2,OFICIAL,3319598.690012875
6,SANTANDER,3,OFICIAL,1511007.524745492
7,VALLE DEL CAUCA,1,OFICIAL,4065920.1459747856
8,VALLE DEL CAUCA,2,NO OFICIAL,2473388.3831652184
9,SANTANDER,3,NO OFICIAL,500000.0
10,VALLE DEL CAUCA,2,NO OFICIAL,1494995.981847508
11,VALLE DEL CAUCA,2,NO OFICIAL,4462278.174955396
12,CUNDINAMARCA,1,OFICIAL,1094496.2299564257
13,ATLANTICO,2,NO OFICIAL,3841116.2308564284
14,ATLANTICO,3,OFICIAL,2682510.1550418586
15,ANTIOQUIA,2,NO OFICIAL,2242449.5474063293
16,SANTANDER,1,NO OFICIAL,6268891.2261749115
17,BOGOTA D.C.,3,NO OFICIAL,573675.6356055184
18,ANTIOQUIA,5,OFICIAL,1389799.5925153254
19,ANTIOQUIA,3,OFICIAL,2464854.8965248885
20,ANTIOQUIA,1,OFICIAL,6123624.088075126
21,ANTIOQUIA,2,OFICIAL,2468348.2348115384
22,ATLANTICO,4,OFICIAL,2911379.407833178
23,BOGOTA D.C.,1,OFICIAL,1996246.7506200469
24,ANTIOQUIA,3,OFICIAL,3037942.8678428554
25,ATLANTICO,2,OFICIAL,2089273.890045307
26,ANTIOQUIA,1,NO OFICIAL,3542983.9066498834
27,VALLE DEL CAUCA,3,OFICIAL,3661280.9897282417
28,ANTIOQUIA,3,OFICIAL,2148842.2557577016
29,SANTANDER,3,NO OFICIAL,811779.942855904
30,SANTANDER,1,OFICIAL,2640354.770538604
31,ANTIOQUIA,1,NO OFICIAL,4603182.62263175
32,CUNDINAMARCA,2,OFICIAL,1260009.1093311857
33,VALLE DEL CAUCA,2,OFICIAL,3000875.335589951
34,BOGOTA D.C.,1,OFICIAL,691389.3549810736
35,ANTIOQUIA,1,OFICIAL,940288.9982852121
36,BOGOTA D.C.,1,OFICIAL,4450548.752954482
37,VALLE DEL CAUCA,6,OFICIAL,3537300.0739739197
38,ANTIOQUIA,3,OFICIAL,3023447.6950576417
39,CUNDINAMARCA,4,OFICIAL,500000.0
40,ATLANTICO,1,OFICIAL,1670660.6928449406
41,CUNDINAMARCA,5,OFICIAL,3410221.0046300306
42,CUNDINAMARCA,1,OFICIAL,500000.0
43,ATLANTICO,2,OFICIAL,1969171.915137105
44,ATLANTICO,3,OFICIAL,3649980.565928976
45,SANTANDER,2,OFICIAL,500000.0
46,ATLANTICO,2,OFICIAL,500000.0
47,ANTIOQUIA,1,NO OFICIAL,500000.0
48,BOGOTA D.C.,1,OFICIAL,3001727.8174172686
49,SANTANDER,3,NO OFICIAL,1664502.2067056466
50,SANTANDER,3,NO OFICIAL,3817072.9396946724
51,BOGOTA D.C.,3,OFICIAL,2681527.577851922
52,SANTANDER,2,OFICIAL,5320802.07690706
53,ATLANTICO,3,NO OFICIAL,643776.7026259777
54,CUNDINAMARCA,1,NO OFICIAL,2997657.5576636475
55,VALLE DEL CAUCA,1,OFICIAL,1307177.8434630246
56,ATLANTICO,6,NO OFICIAL,3400319.048722044
57,CUNDINAMARCA,1,NO OFICIAL,2679903.83540926
58,CUNDINAMARCA,3,OFICIAL,1010318.7642694289
59,SANTANDER,1,NO OFICIAL,2264271.630836686
60,ANTIOQUIA,3,OFICIAL,2609647.1158174765
61,ANTIOQUIA,3,OFICIAL,1601036.5900071624
62,SANTANDER,1,NO OFICIAL,3590750.8224753654
63,SANTANDER,2,NO OFICIAL,953361.0749966279
64,BOGOTA D.C.,3,OFICIAL,5636512.837049745
65,BOGOTA D.C.,2,OFICIAL,3930535.4509402825
66,VALLE DEL CAUCA,1,OFICIAL,3023111.6785803046
67,VALLE DEL CAUCA,3,NO OFICIAL,6767971.412045785
68,VALLE DEL CAUCA,1,OFICIAL,2036051.7611601027
69,VALLE DEL CAUCA,4,NO OFICIAL,3417063.8013465204
70,CUNDINAMARCA,2,NO OFICIAL,2834020.6953988117
71,CUNDINAMARCA,1,OFICIAL,3696201.5398117364
72,BOGOTA D.C.,3,OFICIAL,4744174.550599931
73,ANTIOQUIA,2,OFICIAL,3323424.064917039
74,SANTANDER,2,OFICIAL,4062690.842972799
75,ANTIOQUIA,2,OFICIAL,1674418.0144801128
76,ATLANTICO,2,OFICIAL,2190774.777304302
77,CUNDINAMARCA,2,OFICIAL,4957431.340394505
78,VALLE DEL CAUCA,1,OFICIAL,3395284.24529404
79,VALLE DEL CAUCA,2,OFICIAL,2872485.467287283
80,ATLANTICO,2,OFICIAL,1370133.686374724
81,ANTIOQUIA,3,OFICIAL,3949894.1217024256
82,VALLE DEL CAUCA,3,OFICIAL,1327801.8685263095
83,ANTIOQUIA,2,OFICIAL,885751.216344841
84,SANTANDER,3,OFICIAL,2672388.6265433817
85,ATLANTICO,3,OFICIAL,500000.0
86,ANTIOQUIA,2,NO OFICIAL,3416615.074556462
87,SANTANDER,3,OFICIAL,3065416.2951119323
88,ANTIOQUIA,2,OFICIAL,1970794.6620462094
89,ANTIOQUIA,4,NO OFICIAL,2106822.762159944
90,VALLE DEL CAUCA,1,OFICIAL,2321018.6430004025
91,BOGOTA D.C.,2,OFICIAL,1316308.9336789874
92,CUNDINAMARCA,3,NO OFICIAL,2776858.94124744
93,ANTIOQUIA,1,NO OFICIAL,2125907.6044217274
94,ANTIOQUIA,1,NO OFICIAL,2668678.229932928
95,ANTIOQUIA,2,NO OFICIAL,2266407.1219978854
96,BOGOTA D.C.,2,OFICIAL,1971206.9912631288
97,SANTANDER,3,OFICIAL,2917738.9351564557
98,ATLANTICO,3,OFICIAL,3671649.764397266
99,VALLE DEL CAUCA,1,OFICIAL,1712846.282248154
100,BOGOTA D.C.,1,OFICIAL,3093209.9374689367
101,SANTANDER,3,NO OFICIAL,3279145.615771286
102,ANTIOQUIA,2,OFICIAL,574204.1769901443
103,SANTANDER,3,OFICIAL,3964816.7127307127
104,BOGOTA D.C.,1,NO OFICIAL,5584676.995983983
105,BOGOTA D.C.,2,NO OFICIAL,2367856.464006182
106,BOGOTA D.C.,2,OFICIAL,2243206.8869439554
107,ATLANTICO,2,NO OFICIAL,2180490.7576069785
108,CUNDINAMARCA,2,NO OFICIAL,3430908.6321989554
109,VALLE DEL CAUCA,2,OFICIAL,3266167.7899747174
110,ATLANTICO,2,OFICIAL,500000.0
111,ATLANTICO,1,OFICIAL,1200818.4246487573
112,CUNDINAMARCA,1,OFICIAL,3260969.274837531
113,ATLANTICO,2,OFICIAL,2282467.3451803736
114,BOGOTA D.C.,2,NO OFICIAL,750823.1391407202
115,BOGOTA D.C.,2,NO OFICIAL,4750390.270432025
116,SANTANDER,2,NO OFICIAL,1300430.10061303
117,ANTIOQUIA,3,NO OFICIAL,2553665.682995392
118,ATLANTICO,4,NO OFICIAL,2242721.33285654
119,ANTIOQUIA,2,OFICIAL,881966.798574163
120,VALLE DEL CAUCA,1,OFICIAL,2777432.2032706495
121,BOGOTA D.C.,1,NO OFICIAL,3088160.325249129
122,SANTANDER,3,OFICIAL,1798485.9522555582
123,VALLE DEL CAUCA,2,OFICIAL,1995711.6034157767
124,SANTANDER,1,OFICIAL,3400730.5641439203
125,CUNDINAMARCA,3,NO OFICIAL,500000.0
126,BOGOTA D.C.,1,OFICIAL,1232494.2246284182
127,VALLE DEL CAUCA,2,NO OFICIAL,2820152.3447985686
128,CUNDINAMARCA,2,OFICIAL,1709891.9095148256
129,VALLE DEL CAUCA,3,OFICIAL,1688456.4044058225
130,SANTANDER,1,OFICIAL,3852538.819294253
131,CUNDINAMARCA,4,NO OFICIAL,1550013.5769434774
132,CUNDINAMARCA,3,OFICIAL,5468767.376670735
133,BOGOTA D.C.,1,NO OFICIAL,500000.0
134,ANTIOQUIA,1,OFICIAL,500000.0
135,SANTANDER,2,OFICIAL,3818404.2422026866
136,SANTANDER,3,OFICIAL,1024073.1109419276
137,CUNDINAMARCA,3,OFICIAL,1049389.6175905087
138,CUNDINAMARCA,2,OFICIAL,3977099.9107295154
139,BOGOTA D.C.,4,OFICIAL,1754097.1209303085
140,ANTIOQUIA,1,NO OFICIAL,3865542.723797357
141,SANTANDER,1,OFICIAL,1584382.085871311
142,ATLANTICO,4,OFICIAL,3043797.2829629593
143,ATLANTICO,3,NO OFICIAL,1732866.2800323684
144,ANTIOQUIA,2,OFICIAL,1120281.5861945674
145,VALLE DEL CAUCA,3,OFICIAL,5095902.036302077
146,BOGOTA D.C.,5,OFICIAL,4174693.264539739
147,ANTIOQUIA,3,OFICIAL,1410038.97560098
148,ATLANTICO,3,OFICIAL,2232405.9447783423
149,CUNDINAMARCA,3,NO OFICIAL,4714340.19761692
150,ATLANTICO,1,OFICIAL,1017669.3774077173
151,CUNDINAMARCA,3,OFICIAL,1098837.9447878674
152,BOGOTA D.C.,1,OFICIAL,3205090.708457282
153,CUNDINAMARCA,4,NO OFICIAL,5905741.8403918315
154,ANTIOQUIA,2,OFICIAL,2580747.3278011745
155,CUNDINAMARCA,3,NO OFICIAL,4074716.8592300513
156,VALLE DEL CAUCA,2,NO OFICIAL,973840.365566998
157,ANTIOQUIA,1,NO OFICIAL,3041578.5129040503
158,BOGOTA D.C.,2,NO OFICIAL,1960577.9322226583
159,ANTIOQUIA,6,OFICIAL,5299937.617940124
160,VALLE DEL CAUCA,5,NO OFICIAL,4898036.266619696
161,BOGOTA D.C.,2,OFICIAL,5919125.105277043
162,ATLANTICO,6,NO OFICIAL,1456766.066353888
163,VALLE DEL CAUCA,3,OFICIAL,2553247.311108913
164,BOGOTA D.C.,3,NO OFICIAL,3062750.3864860917
165,CUNDINAMARCA,1,OFICIAL,1515298.5455111736
166,ANTIOQUIA,4,OFICIAL,2696582.799591104
167,BOGOTA D.C.,2,NO OFICIAL,3863467.054538244
168,ANTIOQUIA,4,OFICIAL,1674451.7084027438
169,CUNDINAMARCA,3,OFICIAL,1444965.3103944617
170,BOGOTA D.C.,3,OFICIAL,1345516.3357452
171,ATLANTICO,3,NO OFICIAL,500000.0
172,VALLE DEL CAUCA,2,OFICIAL,3780989.300640276
173,BOGOTA D.C.,2,OFICIAL,1441497.4964111792
174,CUNDINAMARCA,2,OFICIAL,1283339.0046267996
175,BOGOTA D.C.,1,OFICIAL,3293604.75275911
176,ANTIOQUIA,2,NO OFICIAL,2484075.968676229
177,SANTANDER,3,NO OFICIAL,1711704.4598423545
178,BOGOTA D.C.,4,OFICIAL,3715943.215999003
179,ATLANTICO,1,OFICIAL,1651830.802138865
180,BOGOTA D.C.,2,NO OFICIAL,500000.0
181,VALLE DEL CAUCA,1,OFICIAL,4499864.48305872
182,BOGOTA D.C.,1,OFICIAL,1257706.7864660071
183,SANTANDER,1,OFICIAL,1421568.7317171027
184,ANTIOQUIA,3,OFICIAL,1428194.4085329259
185,BOGOTA D.C.,1,OFICIAL,2589401.483461954
186,ATLANTICO,3,OFICIAL,2088636.314190564
187,CUNDINAMARCA,1,OFICIAL,3982106.669287208
188,BOGOTA D.C.,4,OFICIAL,4967670.988765607
189,BOGOTA D.C.,3,NO OFICIAL,1481200.7823514491
190,VALLE DEL CAUCA,5,OFICIAL,1092988.863952374
191,ATLANTICO,4,NO OFICIAL,1717147.9379692446
192,SANTANDER,4,OFICIAL,3158587.4369804547
193,CUNDINAMARCA,4,NO OFICIAL,2325458.5468561277
194,ANTIOQUIA,3,NO OFICIAL,1749382.734685729
195,BOGOTA D.C.,1,NO OFICIAL,554484.2548503053
196,SANTANDER,2,NO OFICIAL,500000.0
197,CUNDINAMARCA,1,OFICIAL,992923.667197851
198,ANTIOQUIA,3,OFICIAL,4396623.79277782
199,SANTANDER,2,OFICIAL,3153989.1595962956
200,ATLANTICO,4,OFICIAL,2212697.0158937
201,ATLANTICO,5,OFICIAL,3594680.194836084
202,CUNDINAMARCA,2,NO OFICIAL,568175.2673478713
203,ANTIOQUIA,2,OFICIAL,2585125.077333433
204,ATLANTICO,5,OFICIAL,500000.0
205,CUNDINAMARCA,2,NO OFICIAL,3019028.5392302237
206,ATLANTICO,3,OFICIAL,2889272.764068143
207,ATLANTICO,1,OFICIAL,2924962.334782973
208,SANTANDER,3,NO OFICIAL,4251427.119939739
209,SANTANDER,2,OFICIAL,3663992.194793666
210,ATLANTICO,4,OFICIAL,686629.5770091035
211,VALLE DEL CAUCA,2,NO OFICIAL,4274078.991821017
212,SANTANDER,1,NO OFICIAL,2185822.0775220045
213,ANTIOQUIA,1,NO OFICIAL,500000.0
214,CUNDINAMARCA,2,OFICIAL,2336866.562638293
215,CUNDINAMARCA,5,NO OFICIAL,3470693.6352135176
216,ANTIOQUIA,3,OFICIAL,979222.1545810716
217,ANTIOQUIA,2,OFICIAL,4499287.365560783
218,ANTIOQUIA,2,OFICIAL,1115025.1612717558
219,ANTIOQUIA,2,OFICIAL,1778362.0636965688
220,BOGOTA D.C.,3,OFICIAL,1502893.6963883962
221,CUNDINAMARCA,3,OFICIAL,500000.0
222,BOGOTA D.C.,2,OFICIAL,1010299.5659194529
223,ATLANTICO,3,OFICIAL,1432211.0432413453
224,ATLANTICO,3,NO OFICIAL,2304841.6992304246
225,CUNDINAMARCA,5,OFICIAL,500000.0
226,ATLANTICO,4,OFICIAL,3574829.5350397425
227,ANTIOQUIA,3,OFICIAL,3560010.552165507
228,BOGOTA D.C.,3,OFICIAL,4272191.868384066
229,ANTIOQUIA,2,OFICIAL,500000.0
230,ATLANTICO,3,OFICIAL,2060752.8702522463
231,SANTANDER,2,OFICIAL,3912153.430224338
232,BOGOTA D.C.,2,NO OFICIAL,4041243.726591814
233,ANTIOQUIA,2,OFICIAL,4718396.407378833
234,CUNDINAMARCA,3,OFICIAL,2654072.4618583154
235,ANTIOQUIA,1,OFICIAL,2416039.2130872197
236,SANTANDER,2,OFICIAL,500000.0
237,ATLANTICO,2,OFICIAL,4097314.2913409644
238,BOGOTA D.C.,1,OFICIAL,1809528.6375009292
239,CUNDINAMARCA,1,OFICIAL,2550911.466153595
240,BOGOTA D.C.,3,NO OFICIAL,2450755.859134034
241,CUNDINAMARCA,3,NO OFICIAL,500000.0
242,BOGOTA D.C.,2,OFICIAL,1282816.413944925
243,ATLANTICO,4,NO OFICIAL,3180822.0550547703
244,CUNDINAMARCA,3,OFICIAL,2427121.2958282246
245,VALLE DEL CAUCA,2,NO OFICIAL,3192734.463754615
246,BOGOTA D.C.,3,OFICIAL,3675770.4104670766
247,BOGOTA D.C.,5,OFICIAL,1265139.1290362787
248,ANTIOQUIA,2,NO OFICIAL,1727274.579031292
249,CUNDINAMARCA,1,NO OFICIAL,2288219.3116618
250,SANTANDER,4,NO OFICIAL,3660248.431816235
251,VALLE DEL CAUCA,3,OFICIAL,2148852.94268956
252,ATLANTICO,1,NO OFICIAL,500000.0
253,ANTIOQUIA,2,NO OFICIAL,2202725.692982399
254,VALLE DEL CAUCA,2,OFICIAL,3599905.6764530567
255,CUNDINAMARCA,4,OFICIAL,4535529.134227446
256,VALLE DEL CAUCA,2,OFICIAL,2920863.88627716
257,BOGOTA D.C.,2,NO OFICIAL,500000.0
258,BOGOTA D.C.,3,OFICIAL,1890443.8812774043
259,ANTIOQUIA,2,OFICIAL,3212585.7215338037
260,CUNDINAMARCA,1,OFICIAL,3799322.1372359064
261,CUNDINAMARCA,2,OFICIAL,3260607.380834717
262,VALLE DEL CAUCA,3,OFICIAL,2122588.6929277116
263,ANTIOQUIA,1,OFICIAL,3787773.144663401
264,CUNDINAMARCA,3,NO OFICIAL,1539152.361107401
265,SANTANDER,2,OFICIAL,2776973.6093112067
266,SANTANDER,2,NO OFICIAL,3624681.117860102
267,BOGOTA D.C.,2,OFICIAL,3364953.7105053496
268,VALLE DEL CAUCA,2,OFICIAL,3398642.45533791
269,ATLANTICO,3,OFICIAL,3360872.4904302573
270,BOGOTA D.C.,2,OFICIAL,926959.1840610545
271,ANTIOQUIA,3,OFICIAL,2526336.3248947375
272,CUNDINAMARCA,1,NO OFICIAL,1136131.8123369121
273,BOGOTA D.C.,5,OFICIAL,2065788.9154705007
274,ATLANTICO,3,OFICIAL,746740.1049937112
275,ATLANTICO,3,OFICIAL,3017450.0595279313
276,SANTANDER,2,OFICIAL,500000.0
277,ANTIOQUIA,2,NO OFICIAL,3425921.7889126977
278,BOGOTA D.C.,1,OFICIAL,2523021.681728547
279,VALLE DEL CAUCA,4,OFICIAL,5353239.466116302
280,BOGOTA D.C.,2,OFICIAL,2193099.7719681826
281,SANTANDER,3,OFICIAL,2192654.954207027
282,ATLANTICO,3,OFICIAL,3523798.4237941112
283,ANTIOQUIA,2,OFICIAL,2280260.928132339
284,ANTIOQUIA,3,OFICIAL,2912249.2109498833
285,VALLE DEL CAUCA,3,OFICIAL,3991600.0631328705
286,ANTIOQUIA,3,OFICIAL,2098727.74353868
287,SANTANDER,2,NO OFICIAL,4292890.253547201
288,SANTANDER,2,OFICIAL,500000.0
289,SANTANDER,1,NO OFICIAL,4905219.814532237
290,ANTIOQUIA,3,NO OFICIAL,500000.0
291,ANTIOQUIA,3,OFICIAL,4528280.967546279
292,SANTANDER,2,OFICIAL,500000.0
293,ANTIOQUIA,4,OFICIAL,5470876.177614682
294,ANTIOQUIA,1,NO OFICIAL,2741314.3203698364
295,ATLANTICO,4,OFICIAL,1082673.6511242231
296,BOGOTA D.C.,6,OFICIAL,5297679.65028271
297,CUNDINAMARCA,4,OFICIAL,866694.8914110368
298,ANTIOQUIA,3,NO OFICIAL,2158969.18077018
299,CUNDINAMARCA,2,OFICIAL,6407068.436469035
300,CUNDINAMARCA,1,OFICIAL,3093307.2317663636
301,ATLANTICO,3,OFICIAL,500000.0
302,ANTIOQUIA,2,OFICIAL,2090061.6739405203
303,SANTANDER,1,OFICIAL,1957360.806236412
304,CUNDINAMARCA,3,NO OFICIAL,2782775.314846255
305,ANTIOQUIA,2,NO OFICIAL,2433335.5422080653
306,VALLE DEL CAUCA,4,NO OFICIAL,3318775.74675039
307,SANTANDER,3,OFICIAL,500000.0
308,VALLE DEL CAUCA,3,OFICIAL,1678145.439721745
309,VALLE DEL CAUCA,3,OFICIAL,2967765.448047851
310,CUNDINAMARCA,4,OFICIAL,1356787.2888451351
311,VALLE DEL CAUCA,3,OFICIAL,4143915.3751869197
312,ATLANTICO,3,OFICIAL,1386794.7361978577
313,ATLANTICO,2,OFICIAL,2714993.634004988
314,CUNDINAMARCA,4,OFICIAL,2342564.5523361648
315,ANTIOQUIA,3,OFICIAL,977978.6896490152
316,BOGOTA D.C.,2,NO OFICIAL,2590736.4928173632
317,ANTIOQUIA,1,OFICIAL,532101.7676738815
318,ANTIOQUIA,3,NO OFICIAL,1834583.1598380972
319,ANTIOQUIA,1,NO OFICIAL,2545411.2317429576
320,ANTIOQUIA,4,OFICIAL,500000.0
321,SANTANDER,5,OFICIAL,3435252.4613807835
322,BOGOTA D.C.,1,OFICIAL,2890562.0027641915
323,SANTANDER,3,NO OFICIAL,3298001.1644330868
324,VALLE DEL CAUCA,1,OFICIAL,2503703.61421008
325,ANTIOQUIA,3,NO OFICIAL,773974.6280623361
326,ATLANTICO,2,OFICIAL,2499890.722131286
327,CUNDINAMARCA,3,NO OFICIAL,3434645.6254741363
328,CUNDINAMARCA,2,NO OFICIAL,714536.8158006024
329,SANTANDER,1,OFICIAL,833760.9751180824
330,SANTANDER,2,OFICIAL,2130873.4210733357
331,ATLANTICO,1,OFICIAL,1943005.69745151
332,ANTIOQUIA,2,OFICIAL,2475754.2480718507
333,BOGOTA D.C.,1,OFICIAL,2062453.0814440795
334,VALLE DEL CAUCA,2,NO OFICIAL,2739999.3186957813
335,CUNDINAMARCA,4,OFICIAL,4332727.029174036
336,VALLE DEL CAUCA,3,NO OFICIAL,3307582.582896036
337,BOGOTA D.C.,4,NO OFICIAL,2584227.4815046256
338,SANTANDER,4,OFICIAL,839932.6795813416
339,CUNDINAMARCA,1,NO OFICIAL,1417020.1183366908
340,VALLE DEL CAUCA,1,OFICIAL,3762601.2685702676
341,SANTANDER,2,NO OFICIAL,1797271.9092125243
342,BOGOTA D.C.,4,OFICIAL,1048371.807259431
343,VALLE DEL CAUCA,5,OFICIAL,5647049.678168191
344,ANTIOQUIA,1,OFICIAL,4786689.060890014
345,SANTANDER,2,OFICIAL,2313319.8713007174
346,BOGOTA D.C.,1,OFICIAL,876003.2476468913
347,VALLE DEL CAUCA,3,OFICIAL,3585038.270909421
348,ANTIOQUIA,3,OFICIAL,1764898.0025063138
349,ANTIOQUIA,1,NO OFICIAL,3832799.1442180723
350,BOGOTA D.C.,2,OFICIAL,1766419.8838560595
351,ATLANTICO,3,OFICIAL,4968093.351842884
352,CUNDINAMARCA,3,OFICIAL,1721887.5529062285
353,BOGOTA D.C.,1,NO OFICIAL,6047100.226905399
354,ANTIOQUIA,4,NO OFICIAL,2792586.6773195225
355,ANTIOQUIA,2,OFICIAL,4576458.45108166
356,BOGOTA D.C.,3,OFICIAL,1689849.461485199
357,ATLANTICO,3,OFICIAL,532974.6219877285
358,CUNDINAMARCA,1,OFICIAL,500000.0
359,VALLE DEL CAUCA,1,NO OFICIAL,4414905.757120048
360,BOGOTA D.C.,3,OFICIAL,2602020.864964062
361,CUNDINAMARCA,1,NO OFICIAL,628636.824217438
362,CUNDINAMARCA,3,OFICIAL,4477304.576628783
363,SANTANDER,3,NO OFICIAL,4233991.02514124
364,ANTIOQUIA,3,OFICIAL,4573578.760555803
365,VALLE DEL CAUCA,2,NO OFICIAL,500000.0
366,BOGOTA D.C.,2,NO OFICIAL,4369616.95156863
367,ANTIOQUIA,3,NO OFICIAL,3076062.963513314
368,SANTANDER,1,OFICIAL,4641434.555961365
369,SANTANDER,3,OFICIAL,3314096.746816573
370,ANTIOQUIA,3,OFICIAL,2759523.344271457
371,ATLANTICO,2,OFICIAL,4389977.851693328
372,CUNDINAMARCA,3,OFICIAL,3777849.157276475
373,BOGOTA D.C.,1,OFICIAL,4122648.3981595496
374,BOGOTA D.C.,2,OFICIAL,1767928.8990238186
375,BOGOTA D.C.,5,OFICIAL,2241385.939008282
376,ANTIOQUIA,6,OFICIAL,500000.0
377,ATLANTICO,2,OFICIAL,1659813.8964001078
378,VALLE DEL CAUCA,4,OFICIAL,3685590.3079584544
379,SANTANDER,2,OFICIAL,3346281.726397582
380,ANTIOQUIA,2,OFICIAL,1030701.8351045407
381,VALLE DEL CAUCA,2,OFICIAL,4423518.13035264
382,SANTANDER,4,NO OFICIAL,6959612.928055427
383,SANTANDER,1,NO OFICIAL,1145913.3181320343
384,ATLANTICO,2,NO OFICIAL,2191177.296934194
385,CUNDINAMARCA,2,NO OFICIAL,1567606.8616728613
386,BOGOTA D.C.,3,OFICIAL,2357671.3657103875
387,VALLE DEL CAUCA,2,OFICIAL,2910859.0007227343
388,ANTIOQUIA,2,OFICIAL,1454000.5921187107
389,VALLE DEL CAUCA,1,OFICIAL,2084620.3088922496
390,CUNDINAMARCA,3,OFICIAL,2630864.797889164
391,BOGOTA D.C.,3,OFICIAL,3207402.9490113286
392,VALLE DEL CAUCA,2,OFICIAL,4699739.35747801
393,CUNDINAMARCA,3,OFICIAL,2478281.7120028753
394,ANTIOQUIA,1,NO OFICIAL,1657246.5472155123
395,ATLANTICO,4,OFICIAL,3544508.7215483156
396,SANTANDER,2,OFICIAL,3100259.3184592137
397,ANTIOQUIA,1,OFICIAL,2210758.606262906
398,BOGOTA D.C.,2,OFICIAL,3227525.08724024
399,SANTANDER,3,OFICIAL,1925277.1319112338
400,ANTIOQUIA,4,NO OFICIAL,1704423.971418351
401,ANTIOQUIA,2,OFICIAL,500000.0
402,ANTIOQUIA,3,OFICIAL,2008115.338906633
403,ANTIOQUIA,1,OFICIAL,500000.0
404,SANTANDER,1,OFICIAL,1540894.2267460453
405,BOGOTA D.C.,2,NO OFICIAL,3369221.104895983
406,CUNDINAMARCA,3,OFICIAL,500000.0
407,VALLE DEL CAUCA,3,NO OFICIAL,2215232.5837504514
408,ATLANTICO,2,NO OFICIAL,2598210.5016509485
409,VALLE DEL CAUCA,1,NO OFICIAL,2142108.6935031493
410,VALLE DEL CAUCA,2,OFICIAL,1777997.7591392596
411,ATLANTICO,1,OFICIAL,2988083.220328958
412,SANTANDER,1,OFICIAL,3196148.800849905
413,BOGOTA D.C.,2,OFICIAL,2502289.192809444
414,ATLANTICO,2,NO OFICIAL,1861358.623295608
415,BOGOTA D.C.,2,NO OFICIAL,3797103.8995751627
416,SANTANDER,2,NO OFICIAL,533889.9096276242
417,VALLE DEL CAUCA,1,NO OFICIAL,3531067.837712831
418,BOGOTA D.C.,1,OFICIAL,3129541.5869824835
419,SANTANDER,3,OFICIAL,2798540.265719904
420,SANTANDER,1,OFICIAL,2485156.756410033
421,CUNDINAMARCA,3,NO OFICIAL,500000.0
422,ATLANTICO,1,NO OFICIAL,4581028.543017592
423,CUNDINAMARCA,2,OFICIAL,3758006.5733277868
424,VALLE DEL CAUCA,1,NO OFICIAL,1057914.7361585414
425,ATLANTICO,1,NO OFICIAL,3638214.5275234324
426,VALLE DEL CAUCA,2,NO OFICIAL,2783259.5492854305
427,CUNDINAMARCA,4,NO OFICIAL,1625496.9558153243
428,SANTANDER,1,OFICIAL,4287690.576084321
429,VALLE DEL CAUCA,2,OFICIAL,1853741.111738696
430,ATLANTICO,3,OFICIAL,4534189.8993943315
431,ATLANTICO,2,OFICIAL,3301420.5474251914
432,VALLE DEL CAUCA,3,OFICIAL,3934838.089636531
433,ATLANTICO,1,OFICIAL,3368628.0596101712
434,SANTANDER,5,NO OFICIAL,3299096.1816393128
435,SANTANDER,2,OFICIAL,2822845.64746965
436,ATLANTICO,2,NO OFICIAL,1409771.5794170967
437,VALLE DEL CAUCA,4,OFICIAL,2593788.5835172124
438,CUNDINAMARCA,2,OFICIAL,3874586.266061751
439,ATLANTICO,2,OFICIAL,3578889.5673784255
440,ATLANTICO,3,OFICIAL,3251880.1972904466
441,ATLANTICO,2,OFICIAL,500000.0
442,ATLANTICO,1,OFICIAL,2180163.821639113
443,VALLE DEL CAUCA,3,OFICIAL,2022566.1679752958
444,CUNDINAMARCA,1,OFICIAL,845113.647907581
445,CUNDINAMARCA,3,OFICIAL,3855636.431705901
446,BOGOTA D.C.,6,NO OFICIAL,500000.0
447,ATLANTICO,2,OFICIAL,3754953.6218519686
448,ATLANTICO,2,OFICIAL,4493857.374104844
449,BOGOTA D.C.,1,NO OFICIAL,2185237.3925966974
450,CUNDINAMARCA,1,OFICIAL,2388491.584033478
451,ANTIOQUIA,4,NO OFICIAL,3951338.8535400075
452,SANTANDER,1,NO OFICIAL,1354518.0198635021
453,ANTIOQUIA,2,NO OFICIAL,3491164.7151586846
454,CUNDINAMARCA,3,OFICIAL,1123278.478485351
455,ATLANTICO,4,NO OFICIAL,673837.1415709495
456,ANTIOQUIA,2,NO OFICIAL,2943986.0899748043
457,VALLE DEL CAUCA,2,OFICIAL,2459969.528058196
458,VALLE DEL CAUCA,3,OFICIAL,500000.0
459,BOGOTA D.C.,5,OFICIAL,4622966.428629434
460,CUNDINAMARCA,3,NO OFICIAL,1877924.4424245346
461,CUNDINAMARCA,2,OFICIAL,3266019.879038579
462,ANTIOQUIA,1,NO OFICIAL,4907774.876999726
463,ATLANTICO,1,OFICIAL,2871406.5644190433
464,CUNDINAMARCA,2,NO OFICIAL,4409938.098800636
465,ANTIOQUIA,4,OFICIAL,1205418.9304825265
466,ANTIOQUIA,4,OFICIAL,4631478.030745071
467,SANTANDER,6,OFICIAL,1261203.256025315
468,SANTANDER,2,OFICIAL,1643287.7685577285
469,CUNDINAMARCA,3,OFICIAL,500000.0
470,ANTIOQUIA,3,OFICIAL,2902636.8323739124
471,BOGOTA D.C.,3,OFICIAL,3446391.2715143887
472,BOGOTA D.C.,2,NO OFICIAL,3650212.5780902794
473,SANTANDER,2,NO OFICIAL,500000.0
474,CUNDINAMARCA,4,OFICIAL,3062464.3696945473
475,ATLANTICO,2,OFICIAL,3117973.552013063
476,BOGOTA D.C.,4,OFICIAL,3422157.5643638917
477,BOGOTA D.C.,1,NO OFICIAL,1340906.8201472482
478,SANTANDER,3,OFICIAL,500000.0
479,SANTANDER,3,OFICIAL,3559718.3560050707
480,CUNDINAMARCA,3,OFICIAL,2281255.547645589
481,SANTANDER,2,NO OFICIAL,2920361.658564532
482,VALLE DEL CAUCA,4,OFICIAL,2358089.444815259
483,ANTIOQUIA,3,NO OFICIAL,2851753.3705403185
484,BOGOTA D.C.,2,OFICIAL,3605678.941283883
485,VALLE DEL CAUCA,3,OFICIAL,500000.0
486,ATLANTICO,2,OFICIAL,4211530.41435892
487,VALLE DEL CAUCA,2,OFICIAL,2226786.2564943684
488,CUNDINAMARCA,2,OFICIAL,4940611.402713999
489,ATLANTICO,4,OFICIAL,1810816.8769222256
490,ATLANTICO,2,OFICIAL,1477603.2811188817
491,SANTANDER,3,OFICIAL,2277490.8883136236
492,VALLE DEL CAUCA,2,OFICIAL,3249980.561397764
493,CUNDINAMARCA,2,NO OFICIAL,2088471.1725054323
494,BOGOTA D.C.,5,OFICIAL,3358769.931438285
495,SANTANDER,3,OFICIAL,1919311.1424106734
496,VALLE DEL CAUCA,4,OFICIAL,2552338.3270166554
497,BOGOTA D.C.,1,OFICIAL,5854829.423567057
498,VALLE DEL CAUCA,1,OFICIAL,3035900.295298834
499,SANTANDER,4,OFICIAL,3156244.340388964
500,BOGOTA D.C.,3,OFICIAL,500000.0
501,SANTANDER,1,OFICIAL,4531431.2850175
502,VALLE DEL CAUCA,2,NO OFICIAL,4099697.6279849005
503,ATLANTICO,3,OFICIAL,1428326.336062302
504,ANTIOQUIA,2,OFICIAL,4070088.9015576057
505,ATLANTICO,3,OFICIAL,2994701.8410100313
506,SANTANDER,2,OFICIAL,2569623.8479098575
507,SANTANDER,2,NO OFICIAL,4436433.469412499
508,SANTANDER,6,OFICIAL,1731552.140393905
509,BOGOTA D.C.,1,OFICIAL,1416467.4164802243
510,CUNDINAMARCA,2,OFICIAL,2811344.980505508
511,SANTANDER,3,OFICIAL,3292343.221806446
512,ATLANTICO,1,OFICIAL,3949473.830040754
513,ANTIOQUIA,2,OFICIAL,2273570.5723800925
514,SANTANDER,3,OFICIAL,1225343.325114027
515,SANTANDER,2,OFICIAL,6292851.576947393
516,SANTANDER,2,OFICIAL,870108.1584415564
517,BOGOTA D.C.,2,OFICIAL,2582677.1849342934
518,SANTANDER,2,OFICIAL,3669558.2868214175
519,ATLANTICO,3,NO OFICIAL,4226683.922556753
520,VALLE DEL CAUCA,3,OFICIAL,1649259.7318784231
521,CUNDINAMARCA,1,OFICIAL,500000.0
522,SANTANDER,3,OFICIAL,1614602.2398059936
523,BOGOTA D.C.,5,OFICIAL,3791983.7653208273
524,ATLANTICO,2,OFICIAL,3456244.7222428573
525,SANTANDER,3,NO OFICIAL,3505183.5383321126
526,BOGOTA D.C.,2,NO OFICIAL,3567496.1291115605
527,VALLE DEL CAUCA,4,OFICIAL,4510126.349020762
528,ANTIOQUIA,4,OFICIAL,1336167.3320578132
529,SANTANDER,1,OFICIAL,703153.0064085944
530,ATLANTICO,2,OFICIAL,3055720.367895634
531,BOGOTA D.C.,2,NO OFICIAL,927212.9656477155
532,BOGOTA D.C.,2,OFICIAL,608626.9757724918
533,SANTANDER,1,OFICIAL,4335939.864860704
534,BOGOTA D.C.,3,OFICIAL,2875539.72561372
535,ANTIOQUIA,1,OFICIAL,2542739.7235676292
536,BOGOTA D.C.,2,NO OFICIAL,2573910.995147973
537,CUNDINAMARCA,3,OFICIAL,2340791.485263002
538,CUNDINAMARCA,1,OFICIAL,4325860.96798986
539,BOGOTA D.C.,4,OFICIAL,500000.0
540,SANTANDER,3,NO OFICIAL,500000.0
541,CUNDINAMARCA,2,NO OFICIAL,1095427.7221181367
542,ATLANTICO,2,OFICIAL,2933742.4716099286
543,CUNDINAMARCA,1,OFICIAL,5208015.609817732
544,BOGOTA D.C.,3,OFICIAL,3803625.9872579095
545,SANTANDER,1,OFICIAL,3388664.071336146
546,VALLE DEL CAUCA,3,OFICIAL,2380199.6030732114
547,SANTANDER,3,OFICIAL,501205.1290061046
548,SANTANDER,1,OFICIAL,3272484.7361307465
549,SANTANDER,4,OFICIAL,5538950.598752698
550,ATLANTICO,1,NO OFICIAL,2139913.516737207
551,ANTIOQUIA,4,OFICIAL,1658989.9528691005
552,BOGOTA D.C.,1,OFICIAL,2147135.20541456
553,ANTIOQUIA,3,OFICIAL,3399626.7077386295
554,VALLE DEL CAUCA,2,OFICIAL,2667595.2778778984
555,ANTIOQUIA,3,OFICIAL,3865021.1666720817
556,BOGOTA D.C.,2,NO OFICIAL,2449823.6886252626
557,BOGOTA D.C.,1,OFICIAL,2138482.5555313285
558,VALLE DEL CAUCA,2,NO OFICIAL,2843508.9699313683
559,BOGOTA D.C.,2,OFICIAL,1690521.7347539829
560,VALLE DEL CAUCA,3,OFICIAL,5111147.412166958
561,VALLE DEL CAUCA,4,OFICIAL,3734671.5971749225
562,BOGOTA D.C.,2,OFICIAL,850452.1188915075
563,CUNDINAMARCA,2,OFICIAL,1381361.2426987924
564,VALLE DEL CAUCA,1,NO OFICIAL,3348005.507749156
565,BOGOTA D.C.,2,NO OFICIAL,2774976.318994621
566,CUNDINAMARCA,2,NO OFICIAL,2953767.564022111
567,VALLE DEL CAUCA,2,NO OFICIAL,2211808.794075787
568,CUNDINAMARCA,1,NO OFICIAL,3182759.5547881504
569,ATLANTICO,2,OFICIAL,2247091.197244438
570,SANTANDER,6,OFICIAL,3345069.315114386
571,ATLANTICO,2,OFICIAL,3659542.3468763474
572,CUNDINAMARCA,2,OFICIAL,4910110.50495724
573,VALLE DEL CAUCA,3,NO OFICIAL,1727951.1355810596
574,BOGOTA D.C.,3,OFICIAL,2483322.052261689
575,ANTIOQUIA,2,OFICIAL,671527.8836557497
576,BOGOTA D.C.,3,NO OFICIAL,5239392.12555864
577,ANTIOQUIA,4,OFICIAL,500000.0
578,ANTIOQUIA,1,OFICIAL,5024304.0827977145
579,VALLE DEL CAUCA,2,NO OFICIAL,2640204.373436712
580,CUNDINAMARCA,1,NO OFICIAL,3127641.8957299697
581,BOGOTA D.C.,2,OFICIAL,2251496.359405523
582,CUNDINAMARCA,2,NO OFICIAL,2546650.9871699377
583,ATLANTICO,3,NO OFICIAL,3382126.8996167546
584,VALLE DEL CAUCA,1,NO OFICIAL,500000.0
585,VALLE DEL CAUCA,2,NO OFICIAL,1521810.6443591455
586,ATLANTICO,2,OFICIAL,1232414.0742870125
587,BOGOTA D.C.,2,OFICIAL,3171107.175303726
588,SANTANDER,3,OFICIAL,2506549.2976057786
589,ATLANTICO,2,OFICIAL,3427143.760643212
590,BOGOTA D.C.,4,OFICIAL,2747162.506272034
591,ANTIOQUIA,2,OFICIAL,4087883.2537239944
592,VALLE DEL CAUCA,2,OFICIAL,1389588.5634868694
593,BOGOTA D.C.,3,OFICIAL,2587233.6697753565
594,CUNDINAMARCA,2,OFICIAL,4164045.1210037703
595,CUNDINAMARCA,1,NO OFICIAL,3863989.07203101
596,VALLE DEL CAUCA,3,OFICIAL,500000.0
597,ATLANTICO,2,OFICIAL,968333.8165229185
598,SANTANDER,4,OFICIAL,2377313.591942824
599,ATLANTICO,6,OFICIAL,2147744.9908880843
600,BOGOTA D.C.,2,NO OFICIAL,2401859.9071721276
601,ATLANTICO,2,OFICIAL,3694285.45037777
602,VALLE DEL CAUCA,2,OFICIAL,2934074.507503107
603,BOGOTA D.C.,2,OFICIAL,3021536.354528845
604,ANTIOQUIA,3,OFICIAL,3505920.352905138
605,ATLANTICO,3,OFICIAL,4111261.3077183384
606,ATLANTICO,2,OFICIAL,500000.0
607,SANTANDER,1,OFICIAL,1920060.3276429202
608,BOGOTA D.C.,2,NO OFICIAL,1175548.3191104492
609,CUNDINAMARCA,2,OFICIAL,3212974.203842279
610,ATLANTICO,3,OFICIAL,1806844.0666230167
611,VALLE DEL CAUCA,1,OFICIAL,2613792.425372683
612,ATLANTICO,3,OFICIAL,3778214.614603762
613,SANTANDER,3,OFICIAL,1595521.0918327603
614,ANTIOQUIA,3,OFICIAL,3044223.5090683284
615,SANTANDER,2,NO OFICIAL,4830741.734740641
616,ATLANTICO,3,OFICIAL,3747423.189807371
617,CUNDINAMARCA,3,NO OFICIAL,500000.0
618,ATLANTICO,3,OFICIAL,2062379.9480858485
619,BOGOTA D.C.,2,NO OFICIAL,3033724.5029154946
620,ATLANTICO,2,OFICIAL,3329175.784332894
621,CUNDINAMARCA,3,NO OFICIAL,2121476.4425691306
622,BOGOTA D.C.,1,OFICIAL,1540316.6635157003
623,VALLE DEL CAUCA,2,NO OFICIAL,2601644.402273453
624,BOGOTA D.C.,5,NO OFICIAL,869672.9441575836
625,SANTANDER,1,OFICIAL,4149601.3990667774
626,ANTIOQUIA,2,OFICIAL,5303021.460922252
627,SANTANDER,2,NO OFICIAL,3092040.9526751856
628,BOGOTA D.C.,3,OFICIAL,2151342.1697063297
629,VALLE DEL CAUCA,1,OFICIAL,3911351.49987047
630,ATLANTICO,3,NO OFICIAL,3657893.8365380103
631,BOGOTA D.C.,1,OFICIAL,2086688.8808418636
632,SANTANDER,1,OFICIAL,2428234.64597537
633,BOGOTA D.C.,3,OFICIAL,1585698.4913078556
634,BOGOTA D.C.,2,NO OFICIAL,2747027.2374039553
635,BOGOTA D.C.,5,OFICIAL,2948363.7100678724
636,VALLE DEL CAUCA,1,OFICIAL,1329801.0185939565
637,CUNDINAMARCA,2,OFICIAL,887985.4875581547
638,CUNDINAMARCA,1,NO OFICIAL,510976.8819489011
639,BOGOTA D.C.,2,OFICIAL,3124801.993918064
640,VALLE DEL CAUCA,6,OFICIAL,2482776.145569841
641,VALLE DEL CAUCA,4,OFICIAL,2374638.7797177597
642,BOGOTA D.C.,1,NO OFICIAL,3196788.8835164993
643,SANTANDER,2,NO OFICIAL,1148557.0364674346
644,SANTANDER,3,OFICIAL,894620.8972432106
645,ANTIOQUIA,1,OFICIAL,2861622.8784532878
646,BOGOTA D.C.,1,NO OFICIAL,500000.0
647,ANTIOQUIA,4,OFICIAL,2111523.203598663
648,SANTANDER,5,OFICIAL,6199669.5588668175
649,SANTANDER,6,NO OFICIAL,500000.0
650,BOGOTA D.C.,3,NO OFICIAL,1855386.4601039148
651,ANTIOQUIA,3,OFICIAL,500000.0
652,ANTIOQUIA,2,OFICIAL,2149407.9126667837
653,BOGOTA D.C.,1,OFICIAL,5449804.642397964
654,ANTIOQUIA,1,OFICIAL,3200376.1551856007
655,ATLANTICO,3,NO OFICIAL,1579331.0363185375
656,SANTANDER,3,NO OFICIAL,5772115.967906648
657,CUNDINAMARCA,3,NO OFICIAL,500000.0
658,VALLE DEL CAUCA,4,OFICIAL,3180914.7396355285
659,ANTIOQUIA,4,OFICIAL,2597369.1806394053
660,ANTIOQUIA,6,OFICIAL,2129462.978634375
661,VALLE DEL CAUCA,1,OFICIAL,3710637.2105932673
662,ANTIOQUIA,3,NO OFICIAL,727030.8875870493
663,VALLE DEL CAUCA,2,OFICIAL,2968933.9508084934
664,BOGOTA D.C.,2,OFICIAL,2778487.4841467743
665,ATLANTICO,6,OFICIAL,1193481.00532943
666,ATLANTICO,4,NO OFICIAL,5424993.3706259765
667,SANTANDER,1,NO OFICIAL,2227244.104957541
668,CUNDINAMARCA,1,NO OFICIAL,2292024.4417079384
669,ANTIOQUIA,3,OFICIAL,958484.2370563869
670,CUNDINAMARCA,3,OFICIAL,2254989.323325427
671,BOGOTA D.C.,4,OFICIAL,6002131.910228477
672,ATLANTICO,1,OFICIAL,2120932.2100426224
673,BOGOTA D.C.,1,OFICIAL,3278052.9145204644
674,BOGOTA D.C.,2,OFICIAL,3925821.597990269
675,ANTIOQUIA,1,OFICIAL,2227896.5332898563
676,BOGOTA D.C.,1,OFICIAL,1885614.5465743
677,ATLANTICO,4,OFICIAL,3208395.8218392595
678,CUNDINAMARCA,2,OFICIAL,2138112.4466734
679,ATLANTICO,2,OFICIAL,2002232.3908206036
680,ANTIOQUIA,1,OFICIAL,3909834.841389194
681,ATLANTICO,2,OFICIAL,2395865.369630425
682,VALLE DEL CAUCA,3,OFICIAL,4319859.75739711
683,CUNDINAMARCA,3,NO OFICIAL,2362109.967635317
684,VALLE DEL CAUCA,3,NO OFICIAL,524206.66247096425
685,VALLE DEL CAUCA,2,OFICIAL,500000.0
686,SANTANDER,2,OFICIAL,500000.0
687,ANTIOQUIA,2,OFICIAL,500000.0
688,BOGOTA D.C.,2,NO OFICIAL,2899806.8962418456
689,VALLE DEL CAUCA,3,NO OFICIAL,1043000.9601787921
690,ATLANTICO,2,OFICIAL,500000.0
691,BOGOTA D.C.,3,OFICIAL,2303641.467287594
692,ATLANTICO,1,OFICIAL,877257.8993037179
693,ATLANTICO,3,OFICIAL,3194648.706885948
694,BOGOTA D.C.,4,OFICIAL,3157402.970900243
695,BOGOTA D.C.,3,OFICIAL,3316129.4232747694
696,ATLANTICO,2,OFICIAL,500000.0
697,ANTIOQUIA,5,OFICIAL,2568113.6895698225
698,CUNDINAMARCA,3,NO OFICIAL,2317896.3998979107
699,SANTANDER,2,NO OFICIAL,667533.580333306
700,CUNDINAMARCA,2,OFICIAL,500000.0
701,ANTIOQUIA,3,OFICIAL,2336972.618293861
702,SANTANDER,3,OFICIAL,4096174.0806343076
703,BOGOTA D.C.,2,OFICIAL,500000.0
704,SANTANDER,2,OFICIAL,1251218.690644005
705,ATLANTICO,6,OFICIAL,2697302.6694792444
706,CUNDINAMARCA,1,NO OFICIAL,4187379.991290447
707,SANTANDER,2,OFICIAL,2031442.7287280234
708,ATLANTICO,1,OFICIAL,5396504.422046175
709,ANTIOQUIA,3,OFICIAL,500000.0
710,SANTANDER,1,OFICIAL,500000.0
711,ATLANTICO,3,OFICIAL,4026572.574585533
712,ANTIOQUIA,1,NO OFICIAL,500000.0
713,BOGOTA D.C.,3,NO OFICIAL,3192298.504450974
714,ANTIOQUIA,3,OFICIAL,2058201.3422592818
715,ANTIOQUIA,2,OFICIAL,1148499.096340003
716,CUNDINAMARCA,2,NO OFICIAL,1859999.1872966923
717,ATLANTICO,2,OFICIAL,566392.1595558419
718,SANTANDER,2,NO OFICIAL,2022498.916875586
719,CUNDINAMARCA,3,OFICIAL,2526129.001532288
720,VALLE DEL CAUCA,2,OFICIAL,1875667.035330795
721,ANTIOQUIA,3,OFICIAL,1622595.5767280946
722,VALLE DEL CAUCA,1,OFICIAL,2881205.4925608234
723,CUNDINAMARCA,1,NO OFICIAL,4989357.693692245
724,ATLANTICO,2,OFICIAL,2100694.897026406
725,CUNDINAMARCA,2,OFICIAL,3729985.7575063272
726,ATLANTICO,2,OFICIAL,1050734.5029919848
727,ATLANTICO,3,NO OFICIAL,500000.0
728,BOGOTA D.C.,1,OFICIAL,3179973.0809710366
729,ANTIOQUIA,1,NO OFICIAL,2149698.1846249746
730,CUNDINAMARCA,3,OFICIAL,4194246.0124646244
731,ATLANTICO,3,OFICIAL,4488135.27354064
732,CUNDINAMARCA,1,OFICIAL,3758627.26364123
733,CUNDINAMARCA,3,OFICIAL,3726037.495600275
734,ATLANTICO,2,OFICIAL,500000.0
735,SANTANDER,3,OFICIAL,3166783.749350543
736,VALLE DEL CAUCA,4,OFICIAL,3794319.7441975065
737,ANTIOQUIA,4,OFICIAL,592326.0967573853
738,ANTIOQUIA,3,OFICIAL,2513158.7673846795
739,SANTANDER,2,OFICIAL,935907.6784866453
740,BOGOTA D.C.,3,NO OFICIAL,4041265.8922013165
741,SANTANDER,2,OFICIAL,1066002.9023852535
742,BOGOTA D.C.,1,NO OFICIAL,1310706.8395950296
743,BOGOTA D.C.,2,OFICIAL,1803924.7509159767
744,SANTANDER,4,OFICIAL,5874115.332850411
745,ANTIOQUIA,4,OFICIAL,4007008.405114295
746,VALLE DEL CAUCA,1,OFICIAL,4918905.788370826
747,ANTIOQUIA,3,OFICIAL,500000.0
748,ANTIOQUIA,3,OFICIAL,596057.8807411499
749,ANTIOQUIA,2,OFICIAL,4507869.465576545
750,SANTANDER,2,OFICIAL,500000.0
751,SANTANDER,3,NO OFICIAL,1492473.7437255008
752,SANTANDER,2,NO OFICIAL,5583012.010941785
753,ANTIOQUIA,1,OFICIAL,1054802.9045429649
754,VALLE DEL CAUCA,3,OFICIAL,500000.0
755,BOGOTA D.C.,4,NO OFICIAL,2571211.7565644924
756,CUNDINAMARCA,3,NO OFICIAL,500000.0
757,BOGOTA D.C.,3,OFICIAL,4355875.109459374
758,BOGOTA D.C.,2,OFICIAL,1157711.8757654584
759,CUNDINAMARCA,1,NO OFICIAL,857141.4566321196
760,ANTIOQUIA,3,NO OFICIAL,2544073.5289960024
761,VALLE DEL CAUCA,2,OFICIAL,1893343.2212868158
762,VALLE DEL CAUCA,4,OFICIAL,2878523.79052123
763,BOGOTA D.C.,1,NO OFICIAL,3282256.6741040507
764,CUNDINAMARCA,2,NO OFICIAL,2174068.3847846584
765,ATLANTICO,2,NO OFICIAL,757827.0850209527
766,ANTIOQUIA,4,NO OFICIAL,3595762.427597147
767,BOGOTA D.C.,1,OFICIAL,1459885.2728465074
768,VALLE DEL CAUCA,1,NO OFICIAL,1196366.5382414474
769,SANTANDER,1,OFICIAL,2713990.922734076
770,SANTANDER,3,NO OFICIAL,500000.0
771,CUNDINAMARCA,1,OFICIAL,3086314.0497205793
772,CUNDINAMARCA,1,NO OFICIAL,2793643.0058262837
773,BOGOTA D.C.,1,OFICIAL,4182729.4604095295
774,ATLANTICO,3,OFICIAL,1749411.79062341
775,VALLE DEL CAUCA,1,OFICIAL,4487247.2980334
776,BOGOTA D.C.,2,OFICIAL,3294464.3507528133
777,ATLANTICO,2,NO OFICIAL,2459816.2383351414
778,CUNDINAMARCA,2,NO OFICIAL,5225043.888259057
779,SANTANDER,3,OFICIAL,2642819.0962701757
780,ANTIOQUIA,2,OFICIAL,1722449.0085585236
781,SANTANDER,4,NO OFICIAL,2685759.989607237
782,VALLE DEL CAUCA,5,NO OFICIAL,1691546.2493290256
783,VALLE DEL CAUCA,2,NO OFICIAL,3060470.020892041
784,SANTANDER,3,NO OFICIAL,4481030.922996257
785,SANTANDER,3,NO OFICIAL,2487993.9512661113
786,ATLANTICO,4,OFICIAL,2635209.4901099917
787,BOGOTA D.C.,2,NO OFICIAL,3696746.791793931
788,CUNDINAMARCA,2,OFICIAL,4280860.036162196
789,ATLANTICO,2,NO OFICIAL,1821047.1021762642
790,ANTIOQUIA,4,NO OFICIAL,2758504.0093054445
791,SANTANDER,1,OFICIAL,3703393.461170124
792,ANTIOQUIA,1,OFICIAL,2994928.3841155567
793,ANTIOQUIA,2,OFICIAL,500000.0
794,ATLANTICO,1,OFICIAL,3974090.4398671323
795,CUNDINAMARCA,2,OFICIAL,3284321.972070603
796,VALLE DEL CAUCA,1,NO OFICIAL,3390923.1103102104
797,BOGOTA D.C.,2,OFICIAL,711773.9085199588
798,VALLE DEL CAUCA,4,OFICIAL,2728584.902053259
799,CUNDINAMARCA,2,NO OFICIAL,3765017.850106943
800,VALLE DEL CAUCA,3,NO OFICIAL,1179129.0926451965
801,SANTANDER,1,OFICIAL,1569183.1752334249
802,SANTANDER,1,NO OFICIAL,3790718.6816013944
803,ATLANTICO,3,OFICIAL,1499346.0628440073
804,ANTIOQUIA,3,OFICIAL,2187236.68368169
805,CUNDINAMARCA,2,OFICIAL,948072.0113391326
806,CUNDINAMARCA,5,OFICIAL,5229907.85097875
807,VALLE DEL CAUCA,4,OFICIAL,3280934.147752838
808,ATLANTICO,5,NO OFICIAL,2116907.5349407503
809,VALLE DEL CAUCA,2,NO OFICIAL,1836437.214201695
810,VALLE DEL CAUCA,1,OFICIAL,657453.0652789201
811,CUNDINAMARCA,3,OFICIAL,2334849.863157886
812,VALLE DEL CAUCA,3,OFICIAL,3497587.1217850694
813,ANTIOQUIA,1,NO OFICIAL,1285278.8540848992
814,VALLE DEL CAUCA,3,NO OFICIAL,2658311.6819445733
815,ANTIOQUIA,1,OFICIAL,1948927.338026469
816,CUNDINAMARCA,2,OFICIAL,4570173.894363248
817,ATLANTICO,2,OFICIAL,1544951.8540367037
818,SANTANDER,3,OFICIAL,3665733.8116552457
819,ANTIOQUIA,2,OFICIAL,4591033.893915051
820,ATLANTICO,3,OFICIAL,1934304.0943336468
821,ATLANTICO,2,OFICIAL,1617133.828524634
822,ANTIOQUIA,3,OFICIAL,3884053.4777869405
823,CUNDINAMARCA,6,OFICIAL,500000.0
824,BOGOTA D.C.,3,OFICIAL,3145891.9586539776
825,ATLANTICO,6,NO OFICIAL,500000.0
826,ATLANTICO,1,NO OFICIAL,4333617.497749494
827,CUNDINAMARCA,2,NO OFICIAL,2121855.483312498
828,CUNDINAMARCA,1,NO OFICIAL,2363832.8638865952
829,VALLE DEL CAUCA,2,OFICIAL,1413626.1859634803
830,CUNDINAMARCA,3,OFICIAL,500000.0
831,ATLANTICO,1,NO OFICIAL,4398790.656448075
832,ANTIOQUIA,2,OFICIAL,2243413.7374610608
833,BOGOTA D.C.,2,OFICIAL,7313152.910062044
834,VALLE DEL CAUCA,2,OFICIAL,1284727.2954106478
835,ANTIOQUIA,2,OFICIAL,1529958.8101261014
836,BOGOTA D.C.,3,OFICIAL,1154133.8279950407
837,BOGOTA D.C.,1,OFICIAL,2235759.1611929694
838,BOGOTA D.C.,2,NO OFICIAL,4862826.86167664
839,SANTANDER,3,OFICIAL,4015206.0051605273
840,ANTIOQUIA,3,NO OFICIAL,500000.0
841,VALLE DEL CAUCA,2,OFICIAL,4306180.113695779
842,VALLE DEL CAUCA,4,NO OFICIAL,3524186.9291816917
843,BOGOTA D.C.,2,OFICIAL,3222081.739977734
844,ANTIOQUIA,2,OFICIAL,1473638.7498393573
845,SANTANDER,1,OFICIAL,1585134.552058877
846,BOGOTA D.C.,2,OFICIAL,2705600.8498384017
847,CUNDINAMARCA,3,OFICIAL,1670256.0069575845
848,VALLE DEL CAUCA,1,OFICIAL,4468947.976133701
849,ATLANTICO,2,OFICIAL,1606066.4858115118
850,BOGOTA D.C.,3,OFICIAL,500000.0
851,CUNDINAMARCA,2,NO OFICIAL,547814.5849556788
852,VALLE DEL CAUCA,1,NO OFICIAL,643054.9407627018
853,SANTANDER,3,OFICIAL,2104977.8895650096
854,ANTIOQUIA,1,OFICIAL,2824099.050353986
855,VALLE DEL CAUCA,4,NO OFICIAL,2580700.6550129373
856,ANTIOQUIA,1,OFICIAL,3191363.496538031
857,ANTIOQUIA,3,OFICIAL,2121579.963923979
858,SANTANDER,2,OFICIAL,2174639.5078890454
859,SANTANDER,4,OFICIAL,5127789.961453031
860,BOGOTA D.C.,1,OFICIAL,4308036.356891315
861,BOGOTA D.C.,3,OFICIAL,3112450.722856846
862,VALLE DEL CAUCA,2,OFICIAL,3875005.7135158405
863,SANTANDER,2,OFICIAL,500000.0
864,CUNDINAMARCA,2,NO OFICIAL,1266192.0716268388
865,VALLE DEL CAUCA,3,OFICIAL,1851694.7289917944
866,ATLANTICO,4,OFICIAL,1283851.0569714939
867,ANTIOQUIA,1,OFICIAL,500000.0
868,ANTIOQUIA,1,OFICIAL,3130815.703848685
869,BOGOTA D.C.,3,OFICIAL,4578621.63892693
870,CUNDINAMARCA,1,OFICIAL,2480785.4155009654
871,SANTANDER,6,OFICIAL,3472273.0684509794
872,SANTANDER,3,OFICIAL,2436199.069018654
873,BOGOTA D.C.,3,OFICIAL,1837541.785484891
874,ATLANTICO,1,OFICIAL,3878794.8385265847
875,VALLE DEL CAUCA,1,NO OFICIAL,500000.0
876,VALLE DEL CAUCA,3,OFICIAL,500000.0
877,CUNDINAMARCA,4,OFICIAL,500000.0
878,BOGOTA D.C.,6,OFICIAL,3780381.967414133
879,BOGOTA D.C.,1,OFICIAL,2630816.660329131
880,ATLANTICO,1,NO OFICIAL,3064806.96887018
881,VALLE DEL CAUCA,1,OFICIAL,5015384.490186323
882,BOGOTA D.C.,4,OFICIAL,754990.4881732732
883,SANTANDER,2,OFICIAL,4306255.553745802
884,CUNDINAMARCA,1,OFICIAL,1905513.3787770565
885,VALLE DEL CAUCA,1,OFICIAL,1677458.6871298922
886,ATLANTICO,2,OFICIAL,2621830.5658774055
887,CUNDINAMARCA,6,OFICIAL,2856604.383519793
888,ANTIOQUIA,2,NO OFICIAL,2184186.7906401404
889,SANTANDER,1,OFICIAL,3415471.451592448
890,ATLANTICO,2,OFICIAL,2627864.6152166156
891,CUNDINAMARCA,2,NO OFICIAL,2201002.57487131
892,BOGOTA D.C.,1,NO OFICIAL,1875573.7963303286
893,ANTIOQUIA,1,OFICIAL,2857519.698576474
894,ATLANTICO,3,OFICIAL,500000.0
895,BOGOTA D.C.,1,NO OFICIAL,888304.2550300179
896,SANTANDER,1,OFICIAL,1948824.896205728
897,ANTIOQUIA,2,OFICIAL,3317312.5895343833
898,VALLE DEL CAUCA,3,NO OFICIAL,5714275.185587286
899,BOGOTA D.C.,2,OFICIAL,2261011.5461745956
900,CUNDINAMARCA,3,OFICIAL,500000.0
901,ATLANTICO,2,OFICIAL,1314628.7355515512
902,ANTIOQUIA,3,OFICIAL,3488337.7743883454
903,BOGOTA D.C.,1,NO OFICIAL,1044576.8365765787
904,VALLE DEL CAUCA,4,OFICIAL,541382.1131823338
905,ATLANTICO,1,NO OFICIAL,3480503.3524211184
906,ATLANTICO,2,OFICIAL,3197320.0913393693
907,BOGOTA D.C.,3,OFICIAL,500000.0
908,VALLE DEL CAUCA,2,OFICIAL,1157509.9818164785
909,SANTANDER,4,NO OFICIAL,4367005.265226242
910,SANTANDER,2,NO OFICIAL,3779266.4051415115
911,ANTIOQUIA,4,OFICIAL,703942.7262982334
912,BOGOTA D.C.,3,OFICIAL,500000.0
913,ANTIOQUIA,6,OFICIAL,2902776.873791307
914,SANTANDER,4,NO OFICIAL,2055898.0071419054
915,ATLANTICO,4,OFICIAL,2772612.845090607
916,ANTIOQUIA,3,OFICIAL,3451992.915765907
917,VALLE DEL CAUCA,2,OFICIAL,1065595.8739059668
918,CUNDINAMARCA,1,OFICIAL,1851781.710121152
919,SANTANDER,3,OFICIAL,1151412.2144413015
920,SANTANDER,5,OFICIAL,1205147.4505292643
921,VALLE DEL CAUCA,3,NO OFICIAL,3347138.7899866444
922,ANTIOQUIA,4,OFICIAL,2716102.8720166227
923,BOGOTA D.C.,3,OFICIAL,500000.0
924,ATLANTICO,1,OFICIAL,3587655.462874769
925,CUNDINAMARCA,1,OFICIAL,1974894.8881327007
926,BOGOTA D.C.,2,NO OFICIAL,3656748.1102418825
927,BOGOTA D.C.,1,OFICIAL,977892.9310806434
928,VALLE DEL CAUCA,2,OFICIAL,1111467.971953554
929,ANTIOQUIA,5,OFICIAL,2877568.447160002
930,SANTANDER,3,OFICIAL,855309.8677454876
931,SANTANDER,2,OFICIAL,2087678.2438873507
932,VALLE DEL CAUCA,1,OFICIAL,684889.8064610887
933,ANTIOQUIA,2,OFICIAL,1912945.4003925247
934,VALLE DEL CAUCA,2,NO OFICIAL,2452218.6522926535
935,SANTANDER,2,OFICIAL,2522886.902351138
936,BOGOTA D.C.,1,OFICIAL,1952879.0931004768
937,ATLANTICO,2,NO OFICIAL,3000025.4504772075
938,ANTIOQUIA,2,OFICIAL,2721698.568268057
939,CUNDINAMARCA,4,OFICIAL,2365950.004394795
940,CUNDINAMARCA,1,OFICIAL,1561224.200933344
941,BOGOTA D.C.,1,OFICIAL,4102365.6243677638
942,VALLE DEL CAUCA,1,OFICIAL,3079430.8123488915
943,VALLE DEL CAUCA,2,OFICIAL,945836.7041620068
944,SANTANDER,3,NO OFICIAL,3473325.8135357387
945,BOGOTA D.C.,3,OFICIAL,3813240.455429014
946,SANTANDER,2,OFICIAL,2377652.8610617337
947,SANTANDER,3,OFICIAL,2477369.010888091
948,CUNDINAMARCA,2,OFICIAL,500000.0
949,SANTANDER,3,OFICIAL,1234838.3850149133
950,SANTANDER,1,OFICIAL,3765541.624528981
951,CUNDINAMARCA,2,OFICIAL,1326065.20269619
952,VALLE DEL CAUCA,3,NO OFICIAL,2260237.116727937
953,ANTIOQUIA,3,OFICIAL,1212069.80490135
954,ATLANTICO,3,NO OFICIAL,2846223.3772475957
955,SANTANDER,1,NO OFICIAL,3090613.832714338
956,ANTIOQUIA,1,OFICIAL,3130711.992602774
957,CUNDINAMARCA,6,NO OFICIAL,790958.5605899486
958,ANTIOQUIA,1,NO OFICIAL,2660053.1602548305
959,ATLANTICO,1,OFICIAL,4864854.641982834
960,ANTIOQUIA,1,NO OFICIAL,3622733.107726992
961,ANTIOQUIA,2,OFICIAL,2639996.854136633
962,ANTIOQUIA,1,OFICIAL,500000.0
963,ANTIOQUIA,2,NO OFICIAL,2125965.282835308
964,BOGOTA D.C.,2,OFICIAL,4969548.370971415
965,SANTANDER,4,OFICIAL,4477910.254019648
966,CUNDINAMARCA,1,OFICIAL,3192127.4871796933
967,ATLANTICO,2,NO OFICIAL,1421004.3818578178
968,CUNDINAMARCA,2,NO OFICIAL,2578418.473668176
969,BOGOTA D.C.,3,OFICIAL,3660221.250078289
970,BOGOTA D.C.,2,NO OFICIAL,3910808.790443896
971,BOGOTA D.C.,3,OFICIAL,2968930.458468744
972,SANTANDER,1,OFICIAL,3782559.524076475
973,BOGOTA D.C.,3,OFICIAL,2411961.1305057406
974,ANTIOQUIA,2,NO OFICIAL,2345640.005364002
975,CUNDINAMARCA,1,OFICIAL,1811627.4673419965
976,VALLE DEL CAUCA,4,OFICIAL,3136805.2485524975
977,ATLANTICO,3,NO OFICIAL,4000510.408350733
978,BOGOTA D.C.,1,NO OFICIAL,3562665.8061032286
979,CUNDINAMARCA,1,OFICIAL,672945.2779718357
980,BOGOTA D.C.,1,OFICIAL,753288.5272406853
981,SANTANDER,3,NO OFICIAL,4155459.8252686965
982,BOGOTA D.C.,1,NO OFICIAL,2764859.220676664
983,BOGOTA D.C.,1,OFICIAL,2823472.227214989
984,BOGOTA D.C.,1,NO OFICIAL,2789671.950535037
985,BOGOTA D.C.,3,NO OFICIAL,5127459.252360346
986,ATLANTICO,3,NO OFICIAL,1830572.7727661212
987,CUNDINAMARCA,3,NO OFICIAL,4174951.2035142137
988,SANTANDER,1,OFICIAL,2850410.536480251
989,BOGOTA D.C.,4,OFICIAL,500000.0
990,BOGOTA D.C.,3,OFICIAL,1262721.5799810733
991,BOGOTA D.C.,4,OFICIAL,1589454.1244560825
992,BOGOTA D.C.,2,NO OFICIAL,4139662.0216991752
993,ANTIOQUIA,2,NO OFICIAL,4340946.710188866
994,ANTIOQUIA,3,OFICIAL,3030780.7761675096
995,VALLE DEL CAUCA,1,OFICIAL,1715840.0804780566
996,BOGOTA D.C.,2,OFICIAL,1133528.3259246435
997,VALLE DEL CAUCA,3,OFICIAL,4206371.5279924
998,ATLANTICO,3,OFICIAL,573171.3866259136
999,VALLE DEL CAUCA,5,OFICIAL,2344164.573628576
1000,CUNDINAMARCA,3,OFICIAL,6046706.815480011
